#;Indikator BHS;Indicator English;Focus Group;Concept;F;M;Y;T;Code 1;Code 2;Comments;Code 1 ;Subcode 1;Subcat 1 name;Code 2;Subcode 2;Subcat 2 name;Dimension 1;Dimension 2;M-F;Min (M,F,Y);Imp score;Imp-F;Imp-M;Imp-Y;Imp-Cat1;Imp-Cat2
3;U „krugu“ na Bulevaru, gdje je sto za stoni tenis, postoji rasvjeta pa se tu ne skupljaju narkomani;In Bulevar’s 'circle', where the ping pong table is located, drug users do not gather, because it’s well lit.;youth;peace;16.0;9.0;5.0;30;16.4;17.3;;16;4.0;Usage;17;3.0;Public Lighting;Rights & Dignity;Economic Activity & Livelihoods;7;5;7.153179;9.198606;8.4375;3.60262;4.054054;2.903226
4;Postoji povjerenik MZ Cernica;The Mjesna zajednica of Cernica has a commissioner.;men;peace;2.0;12.0;6.0;20;9.6;;;9;6.0;Mjesna zajednica;0;0;0;Rights & Dignity;0;-10;2;4.768786;1.149826;11.25;4.323144;2.787162;0.0
5;Mladi sa zapadne strane se ne dogovaraju preko društvenih mreža gdje će ići da se biju;The youth from the West side of Mostar do not plan through social media platforms where they should go to fight.;youth;peace;9.0;3.0;7.0;19;6.5;4.1;2022-01-28 00:00:00;6;5.0;Technology;4;10.0;Sport & Hooliganism;Culture & Society;Rights & Dignity;6;3;4.530347;5.174216;2.8125;5.043668;0.95173;4.209581
6;U „krugu“ na Bulevaru postoji rasvjeta;Bulevar’s 'circle' is illuminated.;youth;peace;4.0;4.0;11.0;19;17.3;3.1;;17;3.0;Public Lighting;3;10.0;Open Spaces;Economic Activity & Livelihoods;Culture & Society;0;4;4.530347;2.299652;3.75;7.925764;3.74552;4.0
7;Prostorije MZ Cernica nisu uvijek zaključane;The premises of the Mjesna zajednica of Cernica aren’t always locked.;men;peace;1.0;6.0;3.0;10;9.3;9.6;;9;3.0;Political functionality;9;6.0;Mjesna zajednica;Rights & Dignity;Rights & Dignity;-5;1;2.384393;0.574913;5.625;2.161572;1.393581;2.162162
8;Na Bulevaru nema narkomana;There aren’t any drug users in Bulevar.;youth;peace;3.0;5.0;10.0;18;16.4;;;16;4.0;Usage;0;0;0;Rights & Dignity;0;-2;3;4.291908;1.724739;4.6875;7.20524;2.432432;0.0
10;Stare ruševine u kojima se se prije okupljali narkomani i dileri su srušene/poravnate;The old ruins where drug users and dealers used to gather have been demolished / leveled;men;peace;8.0;4.0;4.0;16;17.4;16.1;;17;4.0;Buildings;16;10.0;Prevention;Economic Activity & Livelihoods;Rights & Dignity;4;4;3.815029;4.599303;3.75;2.882096;3.154122;1.585586
11;Policija daje novčane kazne od 400 KM na licu mjesta za narušavanje javnog reda i mira, kao i u Sarajevu;The ruined buildings are destroyed, where previously drug users and dealers gathered.;women;peace;8.0;5.0;3.0;16;5.1;4.3;;5;10.0;Accountability;4;3.0;Non-violent Crime;Armed Actors;Rights & Dignity;3;3;3.815029;4.599303;4.6875;2.161572;1.346939;3.54491
12;Roditelje nije strah da će osobe iz komšiluka njihovu djecu uvući u svijet droge;Parents are not scared of the fact that some people from their neighborhood could drag their children into the world of narcotics.;women;peace;7.0;2.0;7.0;16;16.4;23.3;2.12.22;16;4.0;Usage;23;3.0;0;Rights & Dignity;Rights & Dignity;5;2;3.815029;4.02439;1.875;5.043668;2.162162;6.4
14;Kad je kućni red (14:00-17:00 h) niko se ne dere, pa ljudi mogu spavati;During quiet hours (2 to 5 pm) no one yells, therefore people can sleep.;youth;peace;9.0;3.0;3.0;15;6.12;3.2;;6;12.0;Neighbor Relations;3;2.0;Public Ownership;Culture & Society;Culture & Society;6;3;3.57659;5.174216;2.8125;2.161572;0.751366;3.157895
15;Djeca sa Bulevara mogu da koriste igralište za fudbal, koje su sami uređivali.;Children who live in Bulevar can use the football/soccer field that they themselves made.;youth;peace;3.0;4.0;7.0;14;12.1;15.2;;12;10.0;Facilities;15;2.0;Infrastructure;Culture & Society;Culture & Society;-1;3;3.33815;1.724739;3.75;5.043668;11.666667;3.948718
16;Momka od 15-16 godina, koji oko 11-12 sati navečer šeta psa, na Bulevaru preko puta Doma zdravlja ne čeka grupa navijača Zrinjskog da ga prebiju;There are no Zrinjski fans waiting to beat up a 15 or 16 year old boy who was walking his dog in the evening along Bulevar across from the hospital at 11 or 12 in the evening.;youth;peace;6.0;1.0;5.0;12;4.1;15.0;;4;10.0;Sport & Hooliganism;15;0;Youth;Rights & Dignity;Culture & Society;5;1;2.861272;3.449477;0.9375;3.60262;0.32044;3.384615
17;Ljudi s Bulevara i Cernice mogu ići u najbližu ambulantu - Dom zdravlja na Bulevaru, a ne na Carinu.;People from Bulevar and Cernica can go to the nearest clinic on Bulevar and not the one in Carina.;women;peace;3.0;3.0;6.0;12;23.2;1.0;2022-02-12 00:00:00;23;2.0;0;1;0;Integration and Acceptance;Rights & Dignity;Culture & Society;0;3;2.861272;1.724739;2.8125;4.323144;22.0;2.666667
19;Ljudi ne bacaju otpad u Neretvu;People don’t throw trash into the Neretva river.;men;peace;3.0;6.0;2.0;11;18.2;3.2;;18;2.0;Waste prevention;3;2.0;Public Ownership;Rights & Dignity;Culture & Society;-3;2;2.622832;1.724739;5.625;1.441048;18.15;2.315789
27;Komšija, vlasnik psa, ne dozvoli da njegov pas nekoga ujede dok ga drži na povocu;The neighbour who owns a dog doesn’t allow his dog to bite someone while leashed.;women;peace;1.0;1.0;8.0;10;10.7;6.12;;10;7.0;Animals;6;12.0;Neighbor Relations;Rights & Dignity;Culture & Society;0;1;2.384393;0.574913;0.9375;5.764192;20.625;2.213115
29;Djeca od 17-18 godina sa zapadne strane ne ustaju ujutro u 7-8 sati svakog februara, kako bi na Partizanskom groblju kamenovali starije ljude iz udruženja antifašista s istočne strane, koji dolaze da obilježe oslobođenje Mostara;Children aged 17-18 from the west side do not get up at 7-8 in the morning every February to stone older people from the anti-fascist association from the east, who come to mark the liberation of Mostar, at the Partisan Cemetery.;youth;peace;5.0;;4.0;9;4.4;6.1;;4;4.0;Violent Crime;6;10.0;Us V Them;Rights & Dignity;Culture & Society;5;4;2.145954;2.874564;0.0;2.882096;0.24033;1.991803
30;Prolaznici u Cernici nisu primorani sklanjati svoju djecu ispred jurećih automobila;The passengers in Cernica are not forced to move their children to get away from the speeding cars.;men;peace;6.0;1.0;2.0;9;21.2;21.3;;21;2.0;Traffic;21;3.0;Pedestrian Safety;Culture & Society;Culture & Society;5;1;2.145954;3.449477;0.9375;1.441048;1.247899;2.185714
31;Igralište, kao glavna atrakcija na Bulevaru, nije uništeno;The playground, which is seen as the main attraction on Bulevar, isn't ruined.;youth;peace;3.0;1.0;5.0;9;3.8;12.1;;3;8.0;Condition;12;10.0;Facilities;Culture & Society;Culture & Society;2;1;2.145954;1.724739;0.9375;3.60262;0.542763;1.636364
32;Dječak ne mora da čeka da naiđe neko od komšija, kako bi se s njim/njom vratio kući iz parka na Bulevaru kad padne mrak.;A boy does not have to wait until some neighbor passes by to return with him home when night falls, .;youth;peace;3.0;1.0;5.0;9;6.12;2.0;;6;12.0;Neighbor Relations;2;0;Tranquility/Security;Culture & Society;Security;2;1;2.145954;1.724739;0.9375;3.60262;0.45082;2.833333
33;Policija se ne grije na pumpi prekoputa cijelu noćnu smjenu, nego boravi po Bulevaru i Cernici;The police do not warm themselves at the gas station during the whole night shift, but stay on Bulevar and Cernica;women;peace;4.0;4.0;1.0;9;5.1;5.2;;5;10.0;Accountability;5;2.0;Interactions;Armed Actors;Armed Actors;0;1;2.145954;2.299652;3.75;0.720524;0.757653;1.836735
40;Po ulicama nema grafita s ustaškim znakovima;There aren’t any graffiti with Ustasha signs on the streets.;youth;peace;;1.0;7.0;8;7.1;8.5;;7;10.0;Memorialization;8;5;Political Symbols;Dealing with the Past;Culture & Society;-1;1;1.907514;0.0;0.9375;5.043668;47.142857;2.666667
41;Ljudi se više ne parkiraju nepropisno u Cernici, jer su primijetili da policija tu često stoji;People no longer park improperly in Cernica, as they have noticed that the police often stand there;youth;peace;3.0;;5.0;8;21.1;5.2;;21;10.0;Parking;5;2.0;Interactions;Culture & Society;Armed Actors;3;3;1.907514;1.724739;0.0;3.60262;1.109244;1.632653
42;U školi se dijete ne klasifikuje po tome kakvu uslugu njegov/njen roditelj može učiniti nastavniku;At school, a child is not classified according to what kind of service his / her parent can do for the teacher;women;peace;6.0;1.0;1.0;8;4.2;19.0;;4;2.0;Corruption;19;0;Education;Rights & Dignity;Rights & Dignity;5;1;1.907514;3.449477;0.9375;0.720524;0.213627;2.064516
43;Bulevar i Cernica su navečer jednako mirni i ljeti i zimi;Bulevar and Cernica are equally calm in the evening in summer and winter;women;peace;3.0;1.0;4.0;8;3.0;;;3;0.0;Public space;0;0;0;Culture & Society;0;2;1;1.907514;1.724739;0.9375;2.882096;0.482456;0.0
47;U naselju Bulevar su postavljeni ležeći policajci, pa vozači obraćaju pažnju na malu djecu koja tuda prolaze.;Speedbumps have been set up in the Bulevar neighborhood, so drivers pay attention to small children crossing.;youth;peace;2.0;1.0;4.0;7;21.3;17.1;;21;3.0;Pedestrian Safety;17;10.0;Roads;Culture & Society;Economic Activity & Livelihoods;1;1;1.669075;1.149826;0.9375;2.882096;0.970588;0.677419
48;Na prometnoj magistrali na Bulevaru, ljudi ne moraju hodati cestom, jer se na trotoaru ne nalazi ograda oko ruševina;On the main road in Bulevar, people don’t walk down the road, because there are no fences around the ruins near the sidewalk.;youth;peace;2.0;1.0;4.0;7;21.3;17.4;;21;3.0;Pedestrian Safety;17;4.0;Buildings;Culture & Society;Economic Activity & Livelihoods;1;1;1.669075;1.149826;0.9375;2.882096;0.970588;0.677419
49;Ljudi ne parkiraju auta ispred ulaza u zgrade na Bulevaru;People don’t park their cars near the entrance's to buildings in Bulevar.;verifi.;peace;3.0;4.0;;7;21.1;;;21;10.0;Parking;0;0;0;Culture & Society;0;-1;3;1.669075;1.724739;3.75;0.0;0.970588;0.0
50;Političari su imenovali komesara policije HNK;Politicians choose the commissioner of the police in Herzegovina-Neretva Canton.;men;peace;1.0;3.0;3.0;7;5.0;9.3;;5;0.0;Police;9;3.0;Political functionality;Armed Actors;Rights & Dignity;-2;1;1.669075;0.574913;2.8125;2.161572;0.589286;1.513514
51;Prestupnici se sankcionišu krivično.;Criminals are being punished.;verifi.;peace;1.0;6.0;;7;4.0;;;4;0.0;Criminality and Legal Enforcement;0;0;0;Rights & Dignity;0;-5;1;1.669075;0.574913;5.625;0.0;0.186923;0.0
52;Muzika iz „Sky Bar“ nije preglasna ljeti, pa ljudi nemaju osjećaj kao da kod njih u stanu svira;"The music from ""Sky Bar"" is not so loud during summer that people have the feeling that it is playing in their own apartments.";youth;peace;1.0;4.0;2.0;7;3.0;;;3;0.0;Public space;0;0;0;Culture & Society;0;-3;1;1.669075;0.574913;3.75;1.441048;0.422149;0.0
53;Zaštitar ispred Gradske uprave reaguje kad vidi da se dešava bitka;The security guard in front of the City Administration reacts when he sees that a fight is happening;youth;peace;4.0;1.0;2.0;7;4.4;;;4;4.0;Violent Crime;0;0;0;Rights & Dignity;0;3;1;1.669075;2.299652;0.9375;1.441048;0.186923;0.0
54;Policija javno objavljuje imena , prezimena, ime oca i majke, svih osoba koje su učestvovale u nekom incidentu.;The police publicly announce the names, surnames, names of father and mother, all persons who participated in an incident.;verifi.;peace;4.0;2.0;1.0;7;4.0;5.0;;4;0.0;Criminality and Legal Enforcement;5;0;Police;Rights & Dignity;Armed Actors;2;1;1.669075;2.299652;1.875;0.720524;0.186923;1.428571
60;Roditelji ne uče djecu da su vjerske razlike prepreka za druženje.;Parents do not teach children that religious differences are a barrier to friendship.;women;peace;2.0;2.0;2.0;6;19.5;6.9;;19;5.0;Family-based Education;6;9.0;Ethno-religious identity;Rights & Dignity;Culture & Society;0;2;1.430636;1.149826;1.875;1.441048;3.991935;1.327869
61;Na igralištu na Bulevaru osoba koja ima apartmane nije napravila parking na javnoj površini;The owner of apartment does not make a parking lot out of a public play area in Bulevar.;youth;peace;1.0;3.0;2.0;6;21.1;3.2;;21;10.0;Parking;3;2.0;Public Ownership;Culture & Society;Culture & Society;-2;1;1.430636;0.574913;2.8125;1.441048;0.831933;1.263158
62;Ljudi se ne boje da će ih neko napasti kada prođu pored rampe na Bulevaru u 22:00, jer je osvijetljeno;People are not afraid that someone will attack them when they pass by the ramp on the Bulevar at 22:00, because it is illuminated.;youth;peace;2.0;1.0;3.0;6;17.3;2.1;;17;3.0;Public Lighting;2;10.0;Sense of safety;Economic Activity & Livelihoods;Security;1;1;1.430636;1.149826;0.9375;2.161572;1.182796;1.888889
63;Stare ruševine u kojima se okupljaju narkomani i dileri su srušene/poravnate;Old ruins where the drug users and dealers were gathering before are torn down.;men;peace;1.0;5.0;;6;7.7;16.4;;7;7.0;Infrastructure;16;4.0;Usage;Dealing with the Past;Rights & Dignity;-4;1;1.430636;0.574913;4.6875;0.0;35.357143;0.594595
64;Školovani ljudi su postavljeni na vlast;Educated people are appointed to power;women;peace;4.0;1.0;1.0;6;9.0;;;9;0.0;Governance;0;0;0;Rights & Dignity;0;3;1;1.430636;2.299652;0.9375;0.720524;0.836149;0.0
65;Ultrasi ne dolaze u dvorišta Bulevara da kamenuju automobile;“Ultrasi” (Football fans) don’t come into Bulevar's green spaces to throw rocks at cars.;women;peace;;;6.0;6;4.1;6.1;;4;10.0;Sport & Hooliganism;6;10.0;Us V Them;Rights & Dignity;Culture & Society;0;6;1.430636;0.0;0.0;4.323144;0.16022;1.327869
67;Mladi na Bulevaru i Cernici nisu navikli na to da će petkom ili subotom naveče dolaziti navijači sa zapadne strane da prave incidente;Young people on Bulevar and Cernica are not used to fans from the west coming on Friday or Saturday nights to make incidents;youth;peace;;;5.0;5;4.1;6.1;;4;10.0;Sport & Hooliganism;6;10.0;Us V Them;Rights & Dignity;Culture & Society;0;5;1.192197;0.0;0.0;3.60262;0.133517;1.106557
68;Kontejner za smeće nije uvijek pun;The trash container isn’t always full.;youth;peace;4.0;;1.0;5;18.1;10.6;;18;10.0;Waste management Services;10;6.0;Public utilities;Rights & Dignity;Rights & Dignity;4;1;1.192197;2.299652;0.0;0.720524;8.25;1.0
69;U slučaju nekog incidenta, policija pronalazi počinitelje preko nadzornih kamera;In the event of an incident, police find the perpetrators through surveillance cameras;men;peace;3.0;2.0;;5;2.4;5.2;;2;4.0;Technology;5;2.0;Interactions;Security;Armed Actors;1;2;1.192197;1.724739;1.875;0.0;0.898693;1.020408
70;Policija ne pušta maloljetnike koji prave nerede na slobodu bez sankcija;Police do not release minors who commit riots without sanctions;men;peace;1.0;3.0;1.0;5;5.1;15.0;;5;10.0;Accountability;15;0;Youth;Armed Actors;Culture & Society;-2;1;1.192197;0.574913;2.8125;0.720524;0.420918;1.410256
71;U školama se djecu ne uči šta su po nacionalnosti, nego da su sva djeca/ljudi jednaki;Schools do not teach children what their nationality is, but that all children / people are equal;women;peace;5.0;;;5;19.3;1.1;;19;3.0;School inclusiveness;1;10.0;Personal value;Rights & Dignity;Culture & Society;5;5;1.192197;2.874564;0.0;0.0;3.326613;1.111111
72;Naselje je bezbjedno jer nema narkomana u krugu/parku kod MZ;The settlement is safe because there are no drug users in the circle park near the Mjesna Zajednica.;men;peace;4.0;;1.0;5;16.4;3.1;;16;4.0;Usage;3;10.0;Open Spaces;Rights & Dignity;Culture & Society;4;1;1.192197;2.299652;0.0;0.720524;0.675676;1.052632
73;Odgovorni (policija, sudstvo, tužilaštvo) sankcionišu politiku šovinizma;Those responsible (police, judiciary, prosecution) sanction chauvinist policies.;youth;peace;4.0;1.0;;5;9.2;8.2;;9;2.0;Political accountability;8;2.0;Punishment;Rights & Dignity;Culture & Society;3;1;1.192197;2.299652;0.9375;0.0;0.696791;1.666667
74;Policija sankcioniše roditelje maloljetnika koji prave navijačke grafite u gradu;The police sanction the parents of minors who make football fan graffiti in the city.;youth;peace;2.0;1.0;2.0;5;4.1;5.2;;4;10.0;Sport & Hooliganism;5;2.0;Interactions;Rights & Dignity;Armed Actors;1;1;1.192197;1.149826;0.9375;1.441048;0.133517;1.020408
75;Policija izađe na teren kada dobije poziv građana;The police come to the place where trouble is caused when the citizens call them.;women;peace;4.0;1.0;;5;5.2;5.1;;5;2.0;Interactions;5;10.0;Accountability;Armed Actors;Armed Actors;3;1;1.192197;2.299652;0.9375;0.0;0.420918;1.020408
76;U Cernici nema potrebe za policijskim racijama, jer nema droge;There is no need for police raids in Cernica, because there aren’t any drugs.;women;peace;3.0;2.0;;5;16.2;;;16;2.0;Policing;0;0;0;Rights & Dignity;0;1;2;1.192197;1.724739;1.875;0.0;0.675676;0.0
77;Pogrešna naručena pjesma ne dovodi do bitke u kafiću između mladih muškaraca sa istočne i zapadne strane grada;A fight between young men from the East and West side isn’t caused by a song which was accidentally asked to play in a bar.;women;peace;;;5.0;5;4.4;6.1;;4;4.0;Violent Crime;6;10.0;Us V Them;Rights & Dignity;Culture & Society;0;5;1.192197;0.0;0.0;3.60262;0.133517;1.106557
78;U kafiću alkohol ne dovodi do tuče;Alcohol does not lead to a fight in a cafe;women;peace;4.0;;1.0;5;4.4;16.4;;4;4.0;Violent Crime;16;4.0;Usage;Rights & Dignity;Rights & Dignity;4;1;1.192197;2.299652;0.0;0.720524;0.133517;0.495495
79;Roditelji djeci ne usađuju sjeme mržnje kroz zabranu da se druže s djecom druge nacije (problematična, bolesna, siromašna);Parents do not instill hatred in their children by banning them from associating with children of other nations (problematic, sick, poor);verifi.;peace;1.0;1.0;3.0;5;15.2;1.0;2022-02-12 00:00:00;15;2.0;Infrastructure;1;0;Integration and Acceptance;Culture & Society;Culture & Society;0;1;1.192197;0.574913;0.9375;2.161572;0.480769;1.111111
91;Niko ne nagovara djecu od 17-18 godina sa zapadne strane da svakog februara na Partizanskom kamenuju ljude s istočne strane, koji dolaze da obilježe oslobođenje Mostara;No one persuades 17 or 18 year-olds from the West side to go to the Partisan cemetery and throw rocks at people from the East side, who come to mark the liberation of Mostar.;youth;peace;;1.0;3.0;4;4.4;6.1;;4;4.0;Violent Crime;6;10.0;Us V Them;Rights & Dignity;Culture & Society;-1;1;0.953757;0.0;0.9375;2.161572;0.106813;0.885246
92;Navijački grafiti ne koriste simbole mržnje, kao što su kukasti križevi;Fan-made grafitti does not use hate symbols, like for example swastikas.;youth;peace;2.0;;2.0;4;4.1;8.0;;4;10.0;Sport & Hooliganism;8;0;Nationalism;Rights & Dignity;Culture & Society;2;2;0.953757;1.149826;0.0;1.441048;0.106813;1.333333
93;Prostorije MZ Cernica su na istom mjestu gdje su i prije bile;The premises of the Mjesna zajednica of Cernica is the same place as they were before.;youth;peace;3.0;1.0;;4;9.6;;;9;6.0;Mjesna zajednica;0;0;0;Rights & Dignity;0;2;1;0.953757;1.724739;0.9375;0.0;0.557432;0.0
94;Djeca i mladi s Bulevara i iz Cernice su sami skupljali novac da kupe zemlju za igralište;Children and the youth from Bulevar and Cernica raised money by themselves to buy soil to build a playground.;youth;peace;2.0;;2.0;4;3.8;15.1;;3;8.0;Condition;15;10.0;Engagement;Culture & Society;Culture & Society;2;2;0.953757;1.149826;0.0;1.441048;0.241228;1.128205
95;Djeca na Bulevaru su organizovala turnir;A (football) tournament was organized by the children from Bulevar.;youth;peace;2.0;;2.0;4;15.1;12.3;;15;10.0;Engagement;12;3.0;Activities;Culture & Society;Culture & Society;2;2;0.953757;1.149826;0.0;1.441048;0.384615;0.727273
96;Park na Bulevaru nije „podjetinjio“, jer ne privlači samo djecu do 10 godina;The park in Bulevar isn’t equipped just for children 10 years and younger.;youth;peace;1.0;;3.0;4;3.1;3.8;;3;10.0;Open Spaces;3;8.0;Condition;Culture & Society;Culture & Society;1;1;0.953757;0.574913;0.0;2.161572;0.241228;0.842105
97;Vlasnici pasa u Cernici čiste nakon što njihovi ljubimci izvrše nuždu;When dogs relieve themselves in Cernica, their owners clean it up immediately.;men;peace;2.0;2.0;;4;10.7;6.12;;10;7.0;Animals;6;12.0;Neighbor Relations;Rights & Dignity;Culture & Society;0;2;0.953757;1.149826;1.875;0.0;8.25;0.885246
98;U Mostaru ima dovoljno kamera, pogotovo na zabačenim mračnim mjestima;There are enough surveillance cameras in Mostar, especially in the dark, isolated areas.;youth;peace;1.0;2.0;1.0;4;2.4;17.0;;2;4.0;Technology;17;0;Infrastructure;Security;Economic Activity & Livelihoods;-1;1;0.953757;0.574913;1.875;0.720524;0.718954;0.387097
99;Ljudi ne parkiraju auta ispred vrata u Cernici tako da ne blokiraju ulaz u prodavnice (kuće, frizerski salon);People don’t park their cars in front of a building entrance in Cernica, blocking the entrance to shops (homes, hair salon).;youth;peace;1.0;1.0;2.0;4;21.1;;;21;10.0;Parking;0;0;0;Culture & Society;0;0;1;0.953757;0.574913;0.9375;1.441048;0.554622;0.0
100;Političari su riješili problem manjka policajaca u HNK;Politicians have solved the problem of the lack of police officers in HNK;men;peace;2.0;2.0;;4;9.0;5.0;;9;0.0;Governance;5;0;Police;Rights & Dignity;Armed Actors;0;2;0.953757;1.149826;1.875;0.0;0.557432;0.816327
101;Nasilnici se sankcionišu novčano.;Bullies are sanctioned with fines.;men;peace;3.0;1.0;;4;4.4;;;4;4.0;Violent Crime;0;0;0;Rights & Dignity;0;2;1;0.953757;1.724739;0.9375;0.0;0.106813;0.0
102;Ljudi se ne suoče sa 100 problema, kada treba da izvade 1 papir;People do not face 100 problems when they need to get 1 piece of paper;women;peace;1.0;2.0;1.0;4;9.3;;;9;3.0;Political functionality;0;0;0;Rights & Dignity;0;-1;1;0.953757;0.574913;1.875;0.720524;0.557432;0.0
103;Auta se ne parkiraju kod „Korza“ pa druga auta mogu tuda proći;Cars aren’t parked near Korzo and others can easily pass.;youth;peace;1.0;1.0;2.0;4;21.1;;;21;10.0;Parking;0;0;0;Culture & Society;0;0;1;0.953757;0.574913;0.9375;1.441048;0.554622;0.0
104;Učitelji reaguju kada se djeca rugaju drugoj djeci;Teachers react when some children make fun of others.;women;peace;1.0;1.0;2.0;4;19.0;15.0;;19;0.0;Education;15;0;Youth;Rights & Dignity;Culture & Society;0;1;0.953757;0.574913;0.9375;1.441048;2.66129;1.128205
105;U Mostaru postoji konkretan plan za suzbijanje huliganizma, jer je postavljen komesar policije;There is a concrete plan in Mostar to suppress hooliganism, because a police commissioner has been appointed.;youth;peace;2.0;;2.0;4;5.0;4.1;;5;0.0;Police;4;10.0;Sport & Hooliganism;Armed Actors;Rights & Dignity;2;2;0.953757;1.149826;0.0;1.441048;0.336735;0.886228
106;U naselju Bulevar se ne preprodaje droga;In Bulevar nobody is reselling narcotics.;men;peace;4.0;;;4;16.0;;;16;0.0;Drugs & Alcohol;0;00:00:00;0;Rights & Dignity;0;4;4;0.953757;2.299652;0.0;0.0;0.540541;0.0
107;Niko ne napada na imovinu osoba koje rade u MUP-u na poslovima hvatanja dilera;Nobody is invading a person’s property while the police is trying to catch the drug dealers.;men;peace;2.0;2.0;;4;16.2;4.3;;16;2.0;Policing;4;3.0;Non-violent Crime;Rights & Dignity;Rights & Dignity;0;2;0.953757;1.149826;1.875;0.0;0.540541;0.886228
108;Policija češće prolazi automobilom kroz Bulevar i Cernicu;A police car passes more often through Bulevar and Cernica.;women;peace;3.0;;1.0;4;5.2;;;5;2.0;Interactions;0;0;0;Armed Actors;0;3;1;0.953757;1.724739;0.0;0.720524;0.336735;0.0
109;Komšije reaguju ako čuju da se pljačka stan u njihovoj zgradi;The neighbors react if they see that someone’s apartment in their building is being robbed.;women;peace;2.0;1.0;1.0;4;4.3;6.1;2022-02-14 00:00:00;4;3.0;Non-violent Crime;6;10.0;Us V Them;Rights & Dignity;Culture & Society;1;1;0.953757;1.149826;0.9375;0.720524;0.106813;0.885246
128;Navijači Zrinjskog ne dolaze na Bulevar, pa djeca ne razmišljaju kako će najbrže pobjeći iz parka u Cernicu;Zrinjski fans don’t come to Bulevar, so the children don't have to think how they can run the quickest out of the park in Cernica.;youth;peace;2.0;;1.0;3;4.1;2.2;;4;10.0;Sport & Hooliganism;2;2.0;Confidence;Rights & Dignity;Security;2;1;0.715318;1.149826;0.0;0.720524;0.08011;0.944444
129;Djeca i mladi s Bulevara i iz Cernice su pravili golove za teren;Children and youth from Bulevar and Cernica make goals for a soccer field.;youth;peace;2.0;;1.0;3;15.1;12.1;;15;10.0;Engagement;12;10.0;Facilities;Culture & Society;Culture & Society;2;1;0.715318;1.149826;0.0;0.720524;0.288462;0.545455
130;Inicijativa, koju je pokrenula teta Inga, da se osvijetli igralište, je odobrena;Miss Inga launched an initiative to illuminate the playground and it was approved.;youth;peace;1.0;1.0;1.0;3;6.4;17.3;;6;4.0;Activism;17;3.0;Public Lighting;Culture & Society;Economic Activity & Livelihoods;0;1;0.715318;0.574913;0.9375;0.720524;0.150273;0.290323
131;Ljudi nisu izolirani u 4 zida pa ne stvaraju predrasude o osobama koje ne poznaju;People are not isolated within 4 walls so they don’t develop prejudices about others that they don’t know.;youth;peace;3.0;;;3;1.0;11.3;;1;0.0;Integration and Acceptance;11;3.0;Individual Leisure;Culture & Society;Culture & Society;3;3;0.715318;1.724739;0.0;0.0;3.055556;1.5
132;Organizacija „Novi most“ je povezala mlade s Bulevara i iz Cernice, jer ih je vodila na Karting, na palačinke;The association “Novi Most” had connected the young people from Bulevar and Cernica, because the association had taken them cart racing and to eat pancakes.;youth;peace;1.0;1.0;1.0;3;9.7;15.0;;9;7.0;Citizens' associations;15;0;Youth;Rights & Dignity;Culture & Society;0;1;0.715318;0.574913;0.9375;0.720524;0.418074;0.846154
133;Stanari imaju neometan miran san jer ispod prozora nema galame tokom noći;The tenants have an uninterrupted, peaceful dreams because there is no yelling beneath their windows throughout the night.;women;peace;2.0;;1.0;3;3.0;;;3;0.0;Public space;0;0;0;Culture & Society;0;2;1;0.715318;1.149826;0.0;0.720524;0.180921;0.0
134;Na prometnoj magistrali na Bulevaru je postavljen radar.;There is traffic radar on the main road in Bulevar.;verifi.;peace;1.0;2.0;;3;21.2;;;21;2.0;Traffic;0;0;0;Culture & Society;0;-1;1;0.715318;0.574913;1.875;0.0;0.415966;0.0
135;U prostorijama MZ postoji kancelarija za dežurnog policajca;There is on duty police officer in front of the local community council’s (MZ) premises.;men;peace;2.0;1.0;;3;9.6;5.2;;9;6.0;Mjesna zajednica;5;2.0;Interactions;Rights & Dignity;Armed Actors;1;1;0.715318;1.149826;0.9375;0.0;0.418074;0.612245
136;U Cernici postoji policajac pozornik;There is a patrol policeman in Cernica.;men;peace;1.0;2.0;;3;5.2;;;5;2.0;Interactions;0;0;0;Armed Actors;0;-1;1;0.715318;0.574913;1.875;0.0;0.252551;0.0
137;Žena s bebom u kolicima može proći kroz prolaz pored „Rođenih“, jer tu nema parkiranih auta;"A woman with her baby in a stroller can pass through the passage next to ""Rodenih"" because there, there aren't any parked cars.";youth;peace;2.0;;1.0;3;21.3;21.1;;21;3.0;Pedestrian Safety;21;10.0;Parking;Culture & Society;Culture & Society;2;1;0.715318;1.149826;0.0;0.720524;0.415966;0.728571
138;Ne stvara se zastoj u dvosmjernoj ulici pored bivšeg suda u Cernici, jer ljudi ne parkiraju vozila sa strane;There is no traffic jam in the two-way street next to the former court in Cernica, because people do not park vehicles on the side;youth;peace;1.0;1.0;1.0;3;21.1;21.3;;21;10.0;Parking;21;3.0;Pedestrian Safety;Culture & Society;Culture & Society;0;1;0.715318;0.574913;0.9375;0.720524;0.415966;0.728571
139;Djeca ne govore da ih boli glava ili da im se povraća kako ne bi išli u školu zbog nastavnikovog negativnog ophođenja;Children are not acting that they have headaches or that they’re feeling sick so they couldn’t go to school because of their teacher’s negative behavior.;women;peace;1.0;1.0;1.0;3;19.0;15.0;;19;0.0;Education;15;0;Youth;Rights & Dignity;Culture & Society;0;1;0.715318;0.574913;0.9375;0.720524;1.995968;0.846154
140;U gradu se širi područje gdje žene mogu da same hodaju, jer se osjećaju sigurno.;There is a broad area in the city where women can walk alone, because they feel safe.;youth;peace;2.0;;1.0;3;22.3;2.3;;22;3.0;Safety and comfort;2;3.0;Movement;Culture & Society;Security;2;1;0.715318;1.149826;0.0;0.720524;5.5;0.944444
141;Prisustvo policajca u Šantićevoj nije znak da bi moglo doći do incidenta;The presence of the police in “Šantićeva” street isn’t a sign that there could occur an incident.;youth;peace;1.0;1.0;1.0;3;5.2;2.2;;5;2.0;Interactions;2;2.0;Confidence;Armed Actors;Security;0;1;0.715318;0.574913;0.9375;0.720524;0.252551;0.944444
142;U Cernici (ulica Adema Buća) djeca slobodno šetaju bez straha od brzih vozila/saobraćaja;In Cernica, in “Adema Buća” street, children take a walk freely without fear of the speeding cars/traffic.;men;peace;2.0;1.0;;3;21.3;2.2;;21;3.0;Pedestrian Safety;2;2.0;Confidence;Culture & Society;Security;1;1;0.715318;1.149826;0.9375;0.0;0.415966;0.944444
143;Za ženom koja rano ide na posao ne idu dvojica nepoznatih muškaraca brzim korakom;Early in the morning, two unknown male figures are not quickly following a woman who’s going to work.;women;peace;3.0;;;3;22.3;2.3;;22;3.0;Safety and comfort;2;3.0;Movement;Culture & Society;Security;3;3;0.715318;1.724739;0.0;0.0;5.5;0.944444
144;Policija na terenu ostaje duže od 5 minuta;The police stay longer than 5 minutes at the place where an accident happens.;women;peace;1.0;;2.0;3;5.1;;;5;10.0;Accountability;0;0;0;Armed Actors;0;1;1;0.715318;0.574913;0.0;1.441048;0.252551;0.0
145;Niko nije vidio da su se dvije žene od 60 godina pobile.;Nobody sees two 60 year-old women fighting.;verifi.;peace;3.0;;;3;22.1;4.4;;22;10.0;Gender norms;4;4.0;Violent Crime;Culture & Society;Rights & Dignity;3;3;0.715318;1.724739;0.0;0.0;5.5;0.664671
146;Svi stanari u MZ Cernica se osjećaju odgovornim za svoja djela;All tenants that live in the MZ Cernica feel responsible for their action.;verifi.;peace;3.0;;;3;3.2;6.12;;3;2.0;Public Ownership;6;12.0;Neighbor Relations;Culture & Society;Culture & Society;3;3;0.715318;1.724739;0.0;0.0;0.180921;0.663934
169;Mlađi igraju lopte na igralištu na Bulevaru;Youth play soccer on the playground in Bulevar.;youth;peace;2.0;;;2;3.1;15.0;;3;10.0;Open Spaces;15;0;Youth;Culture & Society;Culture & Society;2;2;0.476879;1.149826;0.0;0.0;0.120614;0.564103
170;Djeca ne lupaju loptom u 14:00 kad ljudi spavaju;Children do not make any noise with balls at 14:00 when people are sleeping.;youth;peace;1.0;1.0;;2;15.0;6.12;;15;0.0;Youth;6;12.0;Neighbor Relations;Culture & Society;Culture & Society;0;1;0.476879;0.574913;0.9375;0.0;0.192308;0.442623
171;Očevi izvode malu djecu na Bulevar da se igraju;In Bulevar, fathers take their children out to play.;youth;peace;2.0;;;2;22.1;3.1;;22;10.0;Gender norms;3;10.0;Open Spaces;Culture & Society;Culture & Society;2;2;0.476879;1.149826;0.0;0.0;3.666667;0.421053
172;Na imaginarnim, nacionalističkim granicama Bulevara između dvije strane, katoličke i muslimanske, ne dešavaju se bitke između navijača Veleža i Zrinjskog, starosti od 16-25 godina;On the imaginary and nationalistic border separating two sides, Catholic and Muslim, young Zrinjski and Velež fans between the ages of 16 and 25 do not start any fights.;youth;peace;1.0;;1.0;2;8.3;6.1;;8;3.0;Sports and hooliganism;6;10.0;Us V Them;Culture & Society;Culture & Society;1;1;0.476879;0.574913;0.0;0.720524;1.71875;0.442623
173;Navijači sa zapadne strane ne dolaze na igralište VI osnovne škole da prave incidente kad djeca igraju fudbal;Fans from the West side do not come to the playground, which is a part of Primary School VI, to cause trouble while children are playing soccer.;youth;peace;1.0;1.0;;2;4.1;15.0;;4;10.0;Sport & Hooliganism;15;0;Youth;Rights & Dignity;Culture & Society;0;1;0.476879;0.574913;0.9375;0.0;0.053407;0.564103
174;Djeca s Bulevara i iz Cernice su sredili igralište na Bulevaru;Children from Bulevar and Cernica fixed the playground in Bulevar.;youth;peace;2.0;;;2;15.1;3.8;;15;10.0;Engagement;3;8.0;Condition;Culture & Society;Culture & Society;2;2;0.476879;1.149826;0.0;0.0;0.192308;0.421053
175;Djeca i mladi s Bulevara i iz Cernice su čistili teren;Children and youth from Bulevar and Cernica cleaned up the area.;youth;peace;2.0;;;2;15.1;6.4;;15;10.0;Engagement;6;4.0;Activism;Culture & Society;Culture & Society;2;2;0.476879;1.149826;0.0;0.0;0.192308;0.442623
176;Čovjek, kojem lopta s igrališta doleti u dvorište, ne probuši loptu;A man, in whose backyard a ball lands from the playground, does not deflate the ball.;youth;peace;;;2.0;2;6.6;6.12;;6;6.0;Inter-generational Relations;6;12.0;Neighbor Relations;Culture & Society;Culture & Society;0;2;0.476879;0.0;0.0;1.441048;0.100182;0.442623
177;Mladi s Bulevara i iz Cernice koji su se povezali u „Novom mostu“ su nastavili da se dalje druže i na drugim mjestima (u parku);Young people from Bulevar and Cernica that met in “Novi Most” are still on good terms and hang out in other places (in the park);youth;peace;1.0;1.0;;2;9.7;11.1;;9;7.0;Citizens' associations;11;10.0;Cafes and Space;Rights & Dignity;Culture & Society;0;1;0.476879;0.574913;0.9375;0.0;0.278716;1.0
178;Ljudi rješavaju svoje male lokalne probleme i tako stvaraju mogućnost za rješavanje većih problema;People solve their small local problems, thereby create an opportunity to solve their community’s larger problems.;men;peace;2.0;;;2;3.2;6.4;;3;2.0;Public Ownership;6;4.0;Activism;Culture & Society;Culture & Society;2;2;0.476879;1.149826;0.0;0.0;0.120614;0.442623
179;Roditelji mogu utjecati na djecu da ne ostaju dokasno vani;Parents can teach their children not to stay out late.;women;peace;1.0;;1.0;2;19.5;;;19;5.0;Family-based Education;0;0;0;Rights & Dignity;0;1;1;0.476879;0.574913;0.0;0.720524;1.330645;0.0
180;Roditelji djeci ne usađuju sjeme mržnje kroz zabranu da se druže s djecom druge nacije (koja su problematična, bolesna, problematična);Parents do not instill hatred in their children by banning them from associating with children of other nations (who are problematic, sick);women;peace;1.0;;1.0;2;15.2;6.1;2022-02-12 00:00:00;15;2.0;Infrastructure;6;10.0;Us V Them;Culture & Society;Culture & Society;1;1;0.476879;0.574913;0.0;0.720524;0.192308;0.442623
181;Kod prolaza kod Suda u Cernici su stavljene kamere na kojoj se vidi registracija parkiranih auta pa im se naplaćuju kazne;Surveillance cameras are put by the passsage near the courthouse in Cernica to see the parked cars’ registrations so the owners would have to pay a fine.;youth;peace;;;2.0;2;2.4;21.1;;2;4.0;Technology;21;10.0;Parking;Security;Culture & Society;0;2;0.476879;0.0;0.0;1.441048;0.359477;0.485714
182;U krugu oko stola za stoni tenis nema razbijenog stakla pa se djeca mogu bezbjedno igrati;Children can play safely in the park where the table for table tennis is put, because there is no broken glass around it.;youth;peace;1.0;;1.0;2;3.8;15.0;;3;8.0;Condition;15;0;Youth;Culture & Society;Culture & Society;1;1;0.476879;0.574913;0.0;0.720524;0.120614;0.564103
183;Kontejner je pomjeren dalje od parka na Bulevaru, pa vjetar ne donosi smeće u park koji su djeca s Bulevara očistila;The trash container is moved away from the park in Bulevar so the wind can’t bring any trash in the park which the children from Bulevar have cleaned.;youth;peace;1.0;1.0;;2;18.0;15.1;;18;0.0;Environment;15;10.0;Engagement;Rights & Dignity;Culture & Society;0;1;0.476879;0.574913;0.9375;0.0;3.3;0.564103
184;Igralište na Bulevaru nije ograđeno tankom žicom, koja se već nakon 7 dana uništi;The playground in Bulevar isn’t fenced in with (thin) chiicken wire, which is destroyed 7 days after someone puts it there.;youth;peace;;1.0;1.0;2;3.8;;;3;8.0;Condition;0;0;0;Culture & Society;0;-1;1;0.476879;0.0;0.9375;0.720524;0.120614;0.0
185;Osobe idu na utakmice Veleža da navijaju, a ne da se biju;People go to Velež football matches to cheer for them, not to fight.;youth;peace;1.0;1.0;;2;12.3;4.1;;12;3.0;Activities;4;10.0;Sport & Hooliganism;Culture & Society;Rights & Dignity;0;1;0.476879;0.574913;0.9375;0.0;1.666667;0.443114
186;Mostar je postao turistički centar Hercegovine;Mostar has become a tourist center in Herzegovina.;men;peace;;2.0;;2;20.4;;;20;4.0;Tourism;0;0;0;Economic Activity & Livelihoods;0;-2;2;0.476879;0.0;1.875;0.0;165.0;0.0
187;Dječak se osjeća sigurno i po danu i po noći kada u komšiluku vidi ljude na ulici;A boy feels safe during the day and at night when he sees people in on the street in his neighborhood.;youth;peace;;;2.0;2;2.2;15.0;;2;2.0;Confidence;15;0;Youth;Security;Culture & Society;0;2;0.476879;0.0;0.0;1.441048;0.359477;0.564103
188;Kada vidi da je jedna grupa navijača vidno opremljena palicama, policija reaguje na vrijeme;When they see that one group of fans is visibly equipped with batons, the police react on time;youth;peace;;1.0;1.0;2;4.1;5.1;;4;10.0;Sport & Hooliganism;5;10.0;Accountability;Rights & Dignity;Armed Actors;-1;1;0.476879;0.0;0.9375;0.720524;0.053407;0.408163
189;Kada vidi da je jedna grupa navijača vidno opremljena palicama, policija raspoređuje veću grupu policajaca duž tih ulica;When they see that one group of fans is visibly equipped with batons, the police deploy a larger group of police officers along those streets;youth;peace;1.0;;1.0;2;4.1;5.1;;4;10.0;Sport & Hooliganism;5;10.0;Accountability;Rights & Dignity;Armed Actors;1;1;0.476879;0.574913;0.0;0.720524;0.053407;0.408163
190;U Mostaru odgovorni (policija, sudstvo, tužilaštvo) sankcionišu svakoga ko krši javni red i mir;Accountable people (police, judiciary, prosecution) punish the ones who violate public order and peace.;youth;peace;2.0;;;2;4.0;9.2;;4;0.0;Criminality and Legal Enforcement;9;2.0;Political accountability;Rights & Dignity;Rights & Dignity;2;2;0.476879;1.149826;0.0;0.0;0.053407;0.432432
191;Ne dešavaju se bitke na opasnim mjestima, kao Španski, Bulevar, Cernica;Fights don't take place in dangerous areas, such as Spanish Square, Bulevar, Cernica.;youth;peace;1.0;;1.0;2;4.4;3.1;;4;4.0;Violent Crime;3;10.0;Open Spaces;Rights & Dignity;Culture & Society;1;1;0.476879;0.574913;0.0;0.720524;0.053407;0.421053
192;U cijelom naselju (Bulevar) postoje sigurnosne kamere;There are surveillance cameras all over Bulevar.;men;peace;2.0;;;2;2.4;;;2;4.0;Technology;0;0;0;Security;0;2;2;0.476879;1.149826;0.0;0.0;0.359477;0.0
193;Ljudi, u slučaju potrebe, slobodno zovu policiju bez straha da će im neko zbog toga razbiti prozore;When necessary, people call the police without worrying that someone may break their windows because of it.;men;peace;;;2.0;2;4.3;2.2;;4;3.0;Non-violent Crime;2;2.0;Confidence;Rights & Dignity;Security;0;2;0.476879;0.0;0.0;1.441048;0.053407;0.62963
194;U kasnim satima nije neugodno proći od Bunura prema Cernici, jer ima ljudi.;In late hours of the evening, it isn't uncomfortable to pass from the Bunur bridge towards Cernica because there are people present.;verifi.;peace;2.0;;;2;3.1;2.0;;3;10.0;Open Spaces;2;0;Tranquility/Security;Culture & Society;Security;2;2;0.476879;1.149826;0.0;0.0;0.120614;0.62963
195;Nacionalne stranke ne plaćaju da se prave incidenti pred izbore.;National parties do not pay someone to cause trouble before the elections.;verifi.;peace;;2.0;;2;8.4;4.4;;8;4.0;Politics;4;4.0;Violent Crime;Culture & Society;Rights & Dignity;-2;2;0.476879;0.0;1.875;0.0;1.71875;0.443114
196;Komšije ne posmatraju nijemo nasilje momka nad djevojkom u krugu kod stola za stoni tenis;Neighbors do not observe the silent violence of a boy against a girl in the 'circle' at the ping pong table;women;peace;1.0;;1.0;2;22.2;6.12;;22;2.0;Gender based violence;6;12.0;Neighbor Relations;Culture & Society;Culture & Society;1;1;0.476879;0.574913;0.0;0.720524;3.666667;0.442623
197;Policija i MUP ne štite niti jednog Ultrasa koji učestvuje u napadima;"The police and the Ministry of the Interior are not protecting any ""Ultrasi"" (Zrinski fans) who participate in attacks";women;peace;;2.0;;2;4.1;5.1;;4;10.0;Sport & Hooliganism;5;10.0;Accountability;Rights & Dignity;Armed Actors;-2;2;0.476879;0.0;1.875;0.0;0.053407;0.408163
198;U sokacima u Cernici (Hadžiomerovića, Rudinčeva) blizu silaza na Neretvu nema sumnjivih osoba koje razmjenjuju i broje novac noću;In the alleys in Cernica (Hadžiomerović, Rudinčeva) near the descent to the river Neretva, there are no suspicious persons who exchange and count money at night;women;peace;;2.0;;2;2.0;4.3;;2;0.0;Tranquility/Security;4;3.0;Non-violent Crime;Security;Rights & Dignity;-2;2;0.476879;0.0;1.875;0.0;0.359477;0.443114
199;Roditelji edukuju djecu da droga ne valja;Parents educate their children that drugs aren't good.;women;peace;;;2.0;2;19.5;16.4;;19;5.0;Family-based Education;16;4.0;Usage;Rights & Dignity;Rights & Dignity;0;2;0.476879;0.0;0.0;1.441048;1.330645;0.198198
200;Djevojka smije sama da hoda Bulevarom pored kruga u ponoć;The girl is allowed to walk alone along Bulevar next to the circle at midnight;women;peace;1.0;;1.0;2;22.3;2.3;;22;3.0;Safety and comfort;2;3.0;Movement;Culture & Society;Security;1;1;0.476879;0.574913;0.0;0.720524;3.666667;0.62963
241;U parku pored Marketa ima dosta djece;There are a lot of children in the park near the market.;youth;peace;1.0;;;1;3.1;15.0;;3;10.0;Open Spaces;15;0;Youth;Culture & Society;Culture & Society;1;1;0.238439;0.574913;0.0;0.0;0.060307;0.282051
242;U parku pored Marketa ima dosta starijih osoba;There are many elderly people in the park near the market.;youth;peace;1.0;;;1;3.1;11.4;;3;10.0;Open Spaces;11;4.0;Informal;Culture & Society;Culture & Society;1;1;0.238439;0.574913;0.0;0.0;0.060307;0.5
243;Stariji dolaze da gledaju kako djeca i mladi igraju lopte na igralištu na Bulevaru;The elderly come to watch children and youth play football at the playground in Bulevar.;youth;peace;1.0;;;1;6.6;12.3;;6;6.0;Inter-generational Relations;12;3.0;Activities;Culture & Society;Culture & Society;1;1;0.238439;0.574913;0.0;0.0;0.050091;0.181818
244;Navijači Zrinskog ne dolaze nakon utakmica na Bulevar ili u Šantićevu da prave incidente;Zrinjski fans do not come to cause trouble after the match in Bulevar or on Šantićeva street.;youth;peace;;1.0;;1;4.1;6.1;;4;10.0;Sport & Hooliganism;6;10.0;Us V Them;Rights & Dignity;Culture & Society;-1;1;0.238439;0.0;0.9375;0.0;0.026703;0.221311
245;Navijači Zrinjskog, koji imaju 17-20 godina, ne dolaze preko stepenica u prolazu s magistrale u park na Bulevaru, da gađaju kamenjem;Zrinjski fans between the ages of 17 to 20 do not come across the steps from the main road to the park in Bulevar to throw rocks.;youth;peace;;1.0;;1;4.1;6.1;;4;10.0;Sport & Hooliganism;6;10.0;Us V Them;Rights & Dignity;Culture & Society;-1;1;0.238439;0.0;0.9375;0.0;0.026703;0.221311
246;Mladi sa zapadne strane ne donose kukaste križeve na Partizansko kada ga posjećuju anti-fašisti;Young people from the west do not bring swastikas to Partizansko when it is visited by anti-fascists;youth;peace;1.0;;;1;8.5;15.0;;8;5.0;Political Symbols;15;0;Youth;Culture & Society;Culture & Society;1;1;0.238439;0.574913;0.0;0.0;0.859375;0.282051
247;U gradu ne postoji niko ko će kupiti sprej s namjerom da crta kukasti križ;There is no one in the city that would intentionally buy spray paint in order to draw swastikas.;youth;peace;1.0;;;1;8.5;1.3;;8;5.0;Political Symbols;1;3.0;Social;Culture & Society;Culture & Society;1;1;0.238439;0.574913;0.0;0.0;0.859375;0.222222
248;U gradu ne postoji niko ko ima želju da nacrta kukasti križ na zidu neke zgrade;There is no one in the city who wants to draw swastikas on a building wall.;youth;peace;1.0;;;1;8.5;1.3;;8;5.0;Political Symbols;1;3.0;Social;Culture & Society;Culture & Society;1;1;0.238439;0.574913;0.0;0.0;0.859375;0.222222
249;Navijači jednog fudbalskog kluba ne crtaju svoje navijačke grafite na drugoj strani grada;Fans that support one football club don’t draw their club’s symbol on the other side of the city.;youth;peace;1.0;;;1;4.1;6.1;;4;10.0;Sport & Hooliganism;6;10.0;Us V Them;Rights & Dignity;Culture & Society;1;1;0.238439;0.574913;0.0;0.0;0.026703;0.221311
250;Grupa, koja pravi navijački grafit „1981“ kod Publike, ne snima pjesmu koja vrijeđa drugu stranu;A fan group that makes the “1981” graffiti near Publika, doesn’t sing a song that insults the other side.;youth;peace;;1.0;;1;6.1;4.1;;6;10.0;Us V Them;4;10.0;Sport & Hooliganism;Culture & Society;Rights & Dignity;-1;1;0.238439;0.0;0.9375;0.0;0.050091;0.221557
251;Ljudi koji žive u Cernici uče svoju djecu da ne bacaju smeće u Neretvu;People who live in Cernica teach their children not to throw trash into the Neretva river.;men;peace;;;1.0;1;19.5;18.2;;19;5.0;Family-based Education;18;2.0;Waste prevention;Rights & Dignity;Rights & Dignity;0;1;0.238439;0.0;0.0;0.720524;0.665323;0.25
252;Mladi momak sa istočne strane ima prijatelje sa zapadne strane grada (npr. Vatikan);A young boy from the East side has friends from the West side (for example, Vatikan).;women;peace;;1.0;;1;15.5;;;15;5.0;Inclusion;0;0;0;Culture & Society;0;-1;1;0.238439;0.0;0.9375;0.0;0.096154;0.0
253;Roditelji ne strahuju da će im sina neko izmlatiti u kafiću na zapadnoj strani grada;Parents aren’t afraid that someone will beat up their son in a café bar on the West side.;women;peace;;1.0;;1;4.4;2.0;;4;4.0;Violent Crime;2;0;Tranquility/Security;Rights & Dignity;Security;-1;1;0.238439;0.0;0.9375;0.0;0.026703;0.314815
254;Auta se ne parkiraju po trotoaru na Bulevaru;People don’t park their cars on the sidewalk in Bulevar.;youth;peace;;;1.0;1;21.1;;;21;10.0;Parking;0;0;0;Culture & Society;0;0;1;0.238439;0.0;0.0;0.720524;0.138655;0.0
255;Policija naplati kaznu kad dođe po prijavi, a ne pusti da se vozač samo izvine i ode;A driver has to pay a fine to the police for a driving offense reported by another citizen, he/she cannot just apologize and leave.;youth;peace;;1.0;;1;21.2;5.1;;21;2.0;Traffic;5;10.0;Accountability;Culture & Society;Armed Actors;-1;1;0.238439;0.0;0.9375;0.0;0.138655;0.204082
256;Postoji ograda na trotoaru s južne strane kamene zgrade na Bulevaru.;There is a fence on the sidewalk along the south side of the stone building on Bulevar (street).;verifi.;peace;1.0;;;1;21.3;3.8;;21;3.0;Pedestrian Safety;3;8.0;Condition;Culture & Society;Culture & Society;1;1;0.238439;0.574913;0.0;0.0;0.138655;0.210526
257;Vozači poštuju pješačke prelaze u cijelom Mostaru.;Drivers respect pedestrian crosswalks in all of Mostar.;verifi.;peace;;1.0;;1;21.2;21.3;;21;2.0;Traffic;21;3.0;Pedestrian Safety;Culture & Society;Culture & Society;-1;1;0.238439;0.0;0.9375;0.0;0.138655;0.242857
258;Stubovi od uklonjene ograde nisu ostali oko parka na Bulevaru, kako se neko ne bi povrijedio o njih.;The pillars from the removed fence are not remain around the park in Boulevard, so that no one would get hurt by them.;youth;peace;;1.0;;1;3.1;3.8;;3;10.0;Open Spaces;3;8.0;Condition;Culture & Society;Culture & Society;-1;1;0.238439;0.0;0.9375;0.0;0.060307;0.210526
259;Oko kontejnera za smeće kod Elektroprivrede nije uvijek neuredno;It’s not always messy around the trash containers near the Electric Power Company.;youth;peace;;;1.0;1;10.6;18.1;;10;6.0;Public utilities;18;10.0;Waste management Services;Rights & Dignity;Rights & Dignity;0;1;0.238439;0.0;0.0;0.720524;2.0625;0.25
260;Građani Bulevara i Cernice mogu prijavljivati probleme svojoj MZ;The citizens of Bulevar and Cernica can report any problem to their local MZ.;men;peace;;1.0;;1;9.3;9.6;;9;3.0;Political functionality;9;6.0;Mjesna zajednica;Rights & Dignity;Rights & Dignity;-1;1;0.238439;0.0;0.9375;0.0;0.139358;0.216216
261;Ljudi dobiju odgovor na upite koje su poslali u Gradsku upravu (GU) vezane za infrastrukturne probleme, kao što su kontejneri, svjetlo itd.;The city government answers the questions that people ask about the infrastructure problems such as trash containers, street lights, etc.;men;peace;;1.0;;1;17.0;9.3;;17;0.0;Infrastructure;9;3.0;Political functionality;Economic Activity & Livelihoods;Rights & Dignity;-1;1;0.238439;0.0;0.9375;0.0;0.197133;0.216216
262;Grupa građana koja pokrene inicijativu uređenja plaže Ploča u Cernici dobije podršku od vlasti, a da ne moraju ići privatno kod pojedinca iz vladajuće stranke;A group of citizens who initiate arranging Ploča beach in Cernica receive support from the authorities and don't have to go privately to an individual from the ruling party;men;peace;1.0;;;1;9.3;6.4;;9;3.0;Political functionality;6;4.0;Activism;Rights & Dignity;Culture & Society;1;1;0.238439;0.574913;0.0;0.0;0.139358;0.221311
263;Prestupnici se sankcionišu novčano;Criminals are punished with a fine.;men;peace;1.0;;;1;4.3;9.3;;4;3.0;Non-violent Crime;9;3.0;Political functionality;Rights & Dignity;Rights & Dignity;1;1;0.238439;0.574913;0.0;0.0;0.026703;0.216216
264;Nasilnici se sankcionišu krivično.;Bullies are found guilty and punished.;verifi.;peace;;1.0;;1;9.3;4.4;;9;3.0;Political functionality;4;4.0;Violent Crime;Rights & Dignity;Rights & Dignity;-1;1;0.238439;0.0;0.9375;0.0;0.139358;0.221557
265;Kada se dešavaju prekršaji, policija reaguje u skladu sa zakonom;When violations occur, the police react in accordance with the law;men;peace;1.0;;;1;5.1;4.3;;5;10.0;Accountability;4;3.0;Non-violent Crime;Armed Actors;Rights & Dignity;1;1;0.238439;0.574913;0.0;0.0;0.084184;0.221557
266;Žena iz Cernice radi u Centru 2;A woman from Cernica works in Centar 2.;women;peace;;;1.0;1;20.1;20.2;;20;10.0;Inclusivity;20;2.0;Hiring & employment;Economic Activity & Livelihoods;Economic Activity & Livelihoods;0;1;0.238439;0.0;0.0;0.720524;82.5;0.5
267;Pijani prolaznici, koji se ljeti kasno navečer vraćaju, ne deru se u sokaku kod News Bar-a.;A drunk passer-by, who returns late at night in the summer, does not shout in the alley near the News Bar.;youth;peace;1.0;;;1;16.4;3.0;;16;4.0;Usage;3;0;Public space;Rights & Dignity;Culture & Society;1;1;0.238439;0.574913;0.0;0.0;0.135135;0.210526
268;Na obalama Neretve nema odbačenih narkomanskih šprica;There aren’t any drug syringes thrown on the shores of the Neretva.;men;peace;;1.0;;1;16.4;3.8;;16;4.0;Usage;3;8.0;Condition;Rights & Dignity;Culture & Society;-1;1;0.238439;0.0;0.9375;0.0;0.135135;0.210526
269;Djeca slobodno silaze na Neretvu bez straha od odbačenih narkomanskih šprica;Children freely climb down to the Neretva river without any fear of discarded drug syringes.;men;peace;;1.0;;1;16.4;23.3;2.12.22;16;4.0;Usage;23;3.0;0;Rights & Dignity;Rights & Dignity;-1;1;0.238439;0.0;0.9375;0.0;0.135135;0.4
270;Djeca i mladi osjećaju se sigurno, jer svi zajedno igraju fudbal na istom mjestu na Bulevaru;Both children and adults feel safe because everyone plays football together in the same place in Bulevar.;youth;peace;;;1.0;1;12.3;2.2;;12;3.0;Activities;2;2.0;Confidence;Culture & Society;Security;0;1;0.238439;0.0;0.0;0.720524;0.833333;0.314815
271;Policajac, koji obezbjeđuje Skupštinu HNK u Šantićevoj, nije stalno u obližnjoj kladionici Premier;The policemen who stands and guards the parliament of Herzegovina-Neretva Canton isn’t always hanging out in the gambling shop Premier.;youth;peace;1.0;;;1;5.1;5.2;;5;10.0;Accountability;5;2.0;Interactions;Armed Actors;Armed Actors;1;1;0.238439;0.574913;0.0;0.0;0.084184;0.204082
272;Navijači Zrinjskog ne smiju dolaziti na Bulevar, jer petkom i subotom navečer barem 2-3 sata stoji 1 marica, koja sprečava bitke;Zrinjski fans are not allowed to come to Bulevar, because on Friday and Saturday evenings because a police vehicle stands there at least 2-3 hours, which prevents battles;youth;peace;;1.0;;1;4.1;5.2;;4;10.0;Sport & Hooliganism;5;2.0;Interactions;Rights & Dignity;Armed Actors;-1;1;0.238439;0.0;0.9375;0.0;0.026703;0.204082
273;Stanari smiju opomenuti mlađe osobe koje remete javni red i mir bez straha da će im ovi sve porazbijati;The tenants may freely warn young people not to disturb the public order and peace without worrying if someone would break everything (their property).;men;peace;;;1.0;1;6.3;4.3;;6;3.0;Social Trust;4;3.0;Non-violent Crime;Culture & Society;Rights & Dignity;0;1;0.238439;0.0;0.0;0.720524;0.050091;0.221557
274;Ne čuje se galama iz parka kod MZ do 2 ili 3 ujutro;No noise is heard from the park by the MZ until 2 or 3 in the morning;men;peace;1.0;;;1;3.1;3.0;;3;10.0;Open Spaces;3;0;Public space;Culture & Society;Culture & Society;1;1;0.238439;0.574913;0.0;0.0;0.060307;0.210526
275;U kasnim satima nije neugodno proći od Bunura prema Cernici, jer ima rasvjete.;It isn't uncomfortable for someone to pass from Bunura to Cernica during the later hours of the night because it is illuminated.;men;peace;1.0;;;1;17.3;2.2;;17;3.0;Public Lighting;2;2.0;Confidence;Economic Activity & Livelihoods;Security;1;1;0.238439;0.574913;0.0;0.0;0.197133;0.314815
276;Problem pasa lutalica iza buregdžinice „Rođeni“ je riješen;Behind the Buregdžinica Rođeni the stray dog issue is solved.;men;peace;1.0;;;1;10.7;;;10;7.0;Animals;0;0;0;Rights & Dignity;0;1;1;0.238439;0.574913;0.0;0.0;2.0625;0.0
277;U Cernici i Bulevaru nema tenzija i nasilja kada se igraju fudbalske utakmice;During a soccer match, there aren’t any fights or tensions in Cernica and Bulevar.;women;peace;;;1.0;1;12.3;4.1;;12;3.0;Activities;4;10.0;Sport & Hooliganism;Culture & Society;Rights & Dignity;0;1;0.238439;0.0;0.0;0.720524;0.833333;0.221557
278;Ultrasi ne borave u krugu;Ultrasi (Zrinski football fans) don’t hang out in the circle (in Bulevar).;women;peace;;;1.0;1;3.1;4.1;;3;10.0;Open Spaces;4;10.0;Sport & Hooliganism;Culture & Society;Rights & Dignity;0;1;0.238439;0.0;0.0;0.720524;0.060307;0.221557
279;Komšija ne pušta svoje pse bez brnjice da borave u sokacima MZ Cernica dva dana;A neighbor doesn’t let his/her dogs walk freely in the alley without muzzles in Cernica for two days.;women;peace;;;1.0;1;10.7;6.12;;10;7.0;Animals;6;12.0;Neighbor Relations;Rights & Dignity;Culture & Society;0;1;0.238439;0.0;0.0;0.720524;2.0625;0.221311
280;Izuzetan dječak iz sokaka nije uvučen u svijet droge;An extraordinary boy from the alley isn’t pulled into the world of narcotics.;women;peace;;;1.0;1;16.4;23.3;2.12.22;16;4.0;Usage;23;3.0;0;Rights & Dignity;Rights & Dignity;0;1;0.238439;0.0;0.0;0.720524;0.135135;0.4
281;Institucije edukuju djecu da droga ne valja (osnovne i srednje škole i policija);Institutions teach children that narcotics are bad (primary schools, high schools and the police).;women;peace;1.0;;;1;16.1;19.0;;16;10.0;Prevention;19;0;Education;Rights & Dignity;Rights & Dignity;1;1;0.238439;0.574913;0.0;0.0;0.135135;0.258065
282;Prodavnica na Bulevaru se ne pljačka svako 2-3 mjeseca;The store in Bulevar is not robbed every 2-3 months;women;peace;;;1.0;1;4.3;2.0;;4;3.0;Non-violent Crime;2;0;Tranquility/Security;Rights & Dignity;Security;0;1;0.238439;0.0;0.0;0.720524;0.026703;0.314815
283;Ultrasi ne napadaju u Cernici u ponoć momka koji prolazi tuda;Ultrasi (Zrinski football fans) do not attack a boy in Cernica who’s passing through at midnight.;women;peace;;1.0;;1;6.1;4.1;;6;10.0;Us V Them;4;10.0;Sport & Hooliganism;Culture & Society;Rights & Dignity;-1;1;0.238439;0.0;0.9375;0.0;0.050091;0.221557
284;Djevojku ne izmlate u ponoć pred Rođenim u Cernici jer pokušava da pomogne svom napadnutom prijatelju;A girl doesn’t get beaten up at midnight near Rođeni in Cernica because she tries to help her beat up friend.;women;peace;;1.0;;1;4.4;22.4;;4;4.0;Violent Crime;22;4.0;Gender based activites;Rights & Dignity;Culture & Society;-1;1;0.238439;0.0;0.9375;0.0;0.026703;0.4
