#;Indikator_BHS;Indicator_Eng;Focus_Group;Concept;F;M;Y;Total;Code_1;Code_2;Comments;Code 1 ;Subcode 1;Subcat 1 name;Code 2;Subcode 2;Subcat 2 name;Dimension 1;Dimension 2;M-F;Min (M,F,Y);Imp score;Imp-M;Imp-F;Imp-Y;Imp-Cat1;Imp-Cat2
1;Kada neko boluje od teške bolesti (leukemije), ljudi skupe novac za njegovo liječenje.;When someone has a serious illness (leukemia), people raise money for their treatment;women;life together;3;3;22;28;6.10;;;6;10;Us V Them;0;0;0;Culture & Society;0.00;0;3;5.41;1.96;2.73;8.63;4.65;0.00
2;U Zaliku postoji nova ambulanta.;There is a new clinic in Zalik.;women;life together;8;3;12;23;10.8;17.4;;10;8;Medical;17;4;Buildings;Rights & Dignity;Economic Activity & Livelihoods;5;3;4.44;5.22;2.73;4.71;3.27;2.50
3;Ljudi se pozdravljaju s osmijehom na licu u Zaliku.;People greet each other with smiles on their faces in Zalik.;women;life together;5;7;9;21;1.3;6.12;;1;3;Social;6;12;Neighbor Relations;Culture & Society;Culture & Society;-2;5;4.05;3.26;6.37;3.53;2.96;3.49
4;U kafićima nema wi-fi pa ljudi pričaju jedni s drugima.;In cafes there is no Wi-Fi service, so people talk to each other.;men;life together;7;3;11;21;11.1;6.5;;11;10;Cafes and Space;6;5;Technology;Culture & Society;Culture & Society;4;3;4.05;4.57;2.73;4.32;3.19;3.49
5;U Zaliku nema provokatorskih grafita po zgradama ;In Zalik, there are is provocative graffiti on buildings;women;life together;5;2;12;19;8.5;3.9;;8;5;Political Symbols;3;9;Public Ownership;Culture & Society;Culture & Society;3;2;3.67;3.26;1.82;4.71;2.19;2.27
6;U Zaliku postoji funkcionalan fudbalski otvoreni, besplatni teren;In Zalik, there is a fully functional football field which is open and free.;women;life together;;;19;19;12.1;12.2;;12;10;Access to facilities;12;2;Public support for sports;Culture & Society;Culture & Society;0;19;3.67;0.00;0.00;7.45;1.90;1.90
7;Na Strelištu ima vodovod.;At Strelište (lit. shooting range) there is a water supply system ;youth;life together;7;4;8;19;17;10.6;;17;0;Infrastructure;10;6;Public utilities;Economic Activity & Livelihoods;Rights & Dignity;3;4;3.67;4.57;3.64;3.14;2.07;2.70
9;Roditelji nisu opterećeni egzistencijalnim problemima, pa su produktivni za zajednicu.;Parents aren't burdened by existential issues, so they are more productive in the community.;women;life together;10;3;5;18;20.8;3.9;;20;8;Livelihoods;3;9;Public Ownership;Economic Activity & Livelihoods;Culture & Society;7;3;3.48;6.53;2.73;1.96;4.03;2.15
14;Ambulanta u Zaliku je proširena.;The clinic in Zalik is expanded.;women;life together;4;9;4;17;10.8;17.4;;10;8;Medical;17;4;Buildings;Rights & Dignity;Economic Activity & Livelihoods;-5;4;3.28;2.61;8.19;1.57;2.41;1.85
15;Više se djece igra lopte na ulici.;More kids play football in the streets.;women;life together;7;1;9;17;15;3.7;3.1?;15;0;Youth;3;7;Activities;Culture & Society;Culture & Society;6;1;3.28;4.57;0.91;3.53;2.90;2.03
20;Kad počinje proljeće, organizuju se akcije čišćenja čitave mjesne zajednice u Zaliku.;When spring starts, cleaning events are organized for the whole MZ in Zalik.;men;life together;7;5;4;16;3.9;18.3;;3;9;Public Ownership;18;3;Environmental Restoration;Culture & Society;Rights & Dignity;2;4;3.09;4.57;4.55;1.57;1.91;2.12
22;Ljudi sa strane ne pitaju Mostarce da li žive u „muslimanskom“ ili „hrvatskom“ dijelu.;"Other people don't ask people from Mostar whether they live on the ""Muslim"" or ""Croatian"" side of the city.";youth;life together;4;2;9;15;6.1;1;1?;6;10;Us V Them;1;0;Integration and Acceptance;Culture & Society;Culture & Society;2;2;2.90;2.61;1.82;3.53;2.49;2.12
24;U Golden Club izlaze mladi ljudi sa obje strane grada;Young people from both sides of Mostar go to the Golden Club.;youth;life together;1;2;11;14;11.1;15.5;;11;10;Cafes and Space;15;5;Inclusion;Culture & Society;Culture & Society;-1;1;2.70;0.65;1.82;4.32;2.13;2.39
25;Ljudi koji plate kaznu od 20 KM kad bace smeće na ulicu, neće to više raditi.;People who pay a fine of 20 KM for throwing trash on the street won't do it again.;men;life together;5;2;7;14;4.3;18.2;;4;3;Non-violent Crime;18;2;Waste prevention;Rights & Dignity;Rights & Dignity;3;2;2.70;3.26;1.82;2.75;2.21;1.85
30;Gradonačelnik je riješio problem smeća u gradu.;The mayor solved the issue regarding the trash in the city.;men;life together;5;3;5;13;9.3;18;;9;3;Political functionality;18;0;Environment;Rights & Dignity;Rights & Dignity;2;3;2.51;3.26;2.73;1.96;1.99;1.72
33;Igrališta ne zjape prazna.;Playgrounds aren't empty.;men;life together;5;1;6;12;3.1;;;3;10;Open spaces;0;0;0;Culture & Society;0.00;4;1;2.32;3.26;0.91;2.35;1.43;0.00
34;U Zaliku nema parkiranih 20 vozila ispred pekare navečer.;In Zalik, there aren't 20 parked cars in front of the bakery in the evening.;men;life together;1;;11;12;21.1;;;21;10;Parking;0;0;0;Culture & Society;0.00;1;1;2.32;0.65;0.00;4.32;1.78;0.00
35;Problem na Uborku je riješen, jer je pronađeno novo mjesto za otpad.;The issue with Uborak has been solved because a new place for the waste has been found.;women;life together;6;1;5;12;18.1;10.6;;18;10;Waste management services;10;6;Public utilities;Rights & Dignity;Rights & Dignity;5;1;2.32;3.92;0.91;1.96;1.59;1.70
36;U Sjevernom logoru je napravljen dom zdravlja.;At Sjeverni Logor (University Campus) a health center has been built.;women;life together;4;4;4;12;10.8;17.4;;10;8;Medical;17;4;Buildings;Rights & Dignity;Economic Activity & Livelihoods;0;4;2.32;2.61;3.64;1.57;1.70;1.31
37;Ambulanta u Zaliku radi u 2 smjene.;The clinic in Zalik works in two shifts.;men;life together;3;7;2;12;10.8;;longer opening hours with two shifts;10;8;Medical;0;0;0;Rights & Dignity;0.00;-4;2;2.32;1.96;6.37;0.78;1.70;0.00
42;Akcije čišćenja pokreću građani, a ne stranke ;Clean up events are started by citizens, not by political parties.;youth;life together;1;4;6;11;6.4;18.3;;6;4;Activism;18;3;Environmental Restoration;Culture & Society;Rights & Dignity;-3;1;2.12;0.65;3.64;2.35;1.83;1.46
43;Ljudi koji ne poštuju zakone se kažnjavaju.;People who don't obey the law get punished.;men;life together;7;1;3;11;9.3;4;;9;3;Political functionality;4;0;Criminality and Legal Enforcement;Rights & Dignity;Rights & Dignity;6;1;2.12;4.57;0.91;1.18;1.68;1.74
44;Gradske vlasti rade na spajanju ljudi.;City officials work on bringing people together.;men;life together;3;5;3;11;9.5;1;;9;5;Political coexistence;1;0;Integration and Acceptance;Rights & Dignity;Culture & Society;-2;3;2.12;1.96;4.55;1.18;1.68;1.55
45;Rješavanje problema u Mostaru ne ide sporo.;The solving of problems in Mostar doesn't go slowly.;men;life together;2;4;5;11;9.3;;;9;3;Political functionality;0;0;0;Rights & Dignity;0.00;-2;2;2.12;1.31;3.64;1.96;1.68;0.00
46;Građani su glavni razlog zašto u Mostaru postoji problem smeća, a ne vlast, jer ljudi bacaju smeće.;The citizens are the main reason why there is an issue with the trash in Mostar, not the government, because people are the ones who litter. ;women;life together;3;2;6;11;18.2;3.9;;18;2;Waste prevention;3;9;Public Ownership;Rights & Dignity;Culture & Society;1;2;2.12;1.96;1.82;2.35;1.46;1.31
53;U Zaliku ima više kafića za mlade;In Zalik there are a lot of cafes for youth.;women;life together;1;;9;10;15;11.1;;15;0;Youth;11;10;Cafes and Space;Culture & Society;Culture & Society;1;1;1.93;0.65;0.00;3.53;1.71;1.52
54;Ljudi ne moraju ići u privatne ordinacije da se liječe.;People don't have to go to private clinics to get treated.;men;life together;5;1;4;10;10.8;4.2;;10;8;Medical;4;2;Corruption;Rights & Dignity;Rights & Dignity;4;1;1.93;3.26;0.91;1.57;1.42;1.58
55;Ljudi koji dođu i posjete “Zipline” na Fortici ne ostavljaju smeće od ručka tu gdje su jeli.;People who come and visit the Zipline at Fortica don't leave trash from their lunch around where they ate.;women;life together;;3;7;10;18.2;3.5;;18;2;Waste prevention;3;5;Use of outdoors;Rights & Dignity;Culture & Society;-3;3;1.93;0.00;2.73;2.75;1.32;1.19
63;Više od 50 osoba učestvuje u organizovanim akcijama čišćenja komšiluka ;More than 50 people participate in the organized cleaning event in the neighborhood.;youth;life together;5;1;3;9;6.4;18.3;;6;4;Activism;18;3;Environmental Restoration;Culture & Society;Rights & Dignity;4;1;1.74;3.26;0.91;1.18;1.49;1.19
64;Svaki kafić u Zaliku ima svoju raju.;"Every cafe in Zalik has its own ""raja"" (local term used to describe a small social group of people) ";men;life together;3;2;4;9;11.1;6;;11;10;Cafes and Space;6;0;Social Relations;Culture & Society;Culture & Society;1;2;1.74;1.96;1.82;1.57;1.37;1.49
65;U Zaliku postoji udruženje koje pokreće druge inicijative, osim čišćenja.;There is an association in Zalik that initiates events other than cleaning ones.;women;life together;6;1;2;9;9.7;3.7;;9;7;Citizens' associations;3;7;Activities;Rights & Dignity;Culture & Society;5;1;1.74;3.92;0.91;0.78;1.38;1.08
66;Mame u Zaliku se druže.;The mothers in Zalik hang out.;women;life together;3;4;2;9;11.4;22;;11;4;Informal;22;0;Gender;Culture & Society;Culture & Society;-1;2;1.74;1.96;3.64;0.78;1.37;1.50
67;U Zaliku ima dovoljno mjesta za parking.;In Zalik there are enough parking places.;women;life together;2;3;4;9;21.1;;;21;10;Parking;0;0;0;Culture & Society;0.00;-1;2;1.74;1.31;2.73;1.57;1.33;0.00
68;Ljudi mogu promijeniti stvari u Mostaru glasanjem na izborima.;People can change things in Mostar by voting during the election period.;men;life together;4;1;4;9;9.3;;;9;3;Political functionality;0;0;0;Rights & Dignity;0.00;3;1;1.74;2.61;0.91;1.57;1.38;0.00
75;U Bolnicama se ne pravi razlika između pacijenata različitih vjera.;In hospitals, no differences are made between patients of different religions.;women;life together;2;1;5;8;10.8;6.9;;10;8;Medical;6;9;Ethno-religious identity;Rights & Dignity;Culture & Society;1;1;1.54;1.31;0.91;1.96;1.14;1.33
76;Učenici se odlučuju da idu na zanatski smjer u Građevinskoj, na kojem dobijaju stipendiju od 250 KM mjesečno.;Students decide to attend the Crafts department at the Civil Engineering High School in Mostar, in which they are given a monthly stipend of 250KM.;women;life together;3;1;4;8;19.1;15.4;;19;10;Vocational Schools;15;4;Livelihoods;Rights & Dignity;Culture & Society;2;1;1.54;1.96;0.91;1.57;1.73;1.37
77;Škola u Zaliku uči djecu da poštuju druge i drugačije.;The school in Zalik teaches kids to respect others and their differences.;women;life together;1;3;4;8;19.3;1.1;;19;3;School inclusiveness;1;10;Personal value;Rights & Dignity;Culture & Society;-2;1;1.54;0.65;2.73;1.57;1.73;1.13
78;Mladi sa istočne strane izlaze u Ice;Young people from the east side go to the Ice Bar.;men;life together;;5;3;8;11.1;2.3;;11;10;Cafes and Space;2;3;Movement;Culture & Society;Security;-5;3;1.54;0.00;4.55;1.18;1.22;1.49
79;Mladi sa istočne strane jedu kolače u Aldiju;Young people from the east side eat cakes at Aldi.;youth;life together;;;8;8;11.1;2.3;;11;10;Cafes and Space;2;3;Movement;Culture & Society;Security;0;8;1.54;0.00;0.00;3.14;1.22;1.49
89;Djeca se u Zaliku igraju na ulici.;Kids in Zalik play on the streets.;youth;life together;3;2;2;7;3.1;15;;3;10;Open spaces;15;0;Youth;Culture & Society;Culture & Society;1;2;1.35;1.96;1.82;0.78;0.84;1.20
90;Dječak sa istočne strane trenira na zapadnoj strani;A boy from the east side trains on the west side.;women;life together;;6;1;7;15.5;12;;15;5;Inclusion;12;0;Sport;Culture & Society;Culture & Society;-6;1;1.35;0.00;5.46;0.39;1.20;0.70
91;Roditelji ne prepuštaju djecu društvenim mrežama.;Parents do not leave their children to be raised by social networks.;youth;life together;5;1;1;7;15.6;6.5;;15;6;Parenting;6;5;Technology;Culture & Society;Culture & Society;4;1;1.35;3.26;0.91;0.39;1.20;1.16
92;U Zalik dolaze i osobe koje ne žive u Zaliku.;People who don't live in Zalik also come to Zalik.;women;life together;;5;2;7;2.3;6.3;;2;3;Movement;6;3;Social Trust;Security;Culture & Society;-5;2;1.35;0.00;4.55;0.78;1.31;1.16
93;Žena želi očistiti svoju ulicu, jer ona tu živi.;A woman wants to clean up her street because she lives there.;women;life together;;5;2;7;18.3;22;;18;3;Environmental Restoration;22;0;Gender;Rights & Dignity;Culture & Society;-5;2;1.35;0.00;4.55;0.78;0.93;1.17
94;Ljudi iz Gornjeg Zalika ne iznose svoje smeće noć prije, kako ga vjetar ne bi raznio posvuda.;People who live in Gornji Zalik (Upper Zalik) don't leave their trash outside the night before, so the wind doesn't blow it away.;women;life together;6;;1;7;18.2;3.9;;18;2;Waste prevention;3;9;Public Ownership;Rights & Dignity;Culture & Society;6;1;1.35;3.92;0.00;0.39;0.93;0.84
95;Žene se ne boje kretati po Zaliku kad je mrak, jer ima rasvjete.;Women aren't afraid to walk late at night in Zalik because there are street lights.;women;life together;1;2;4;7;17.3;22.3;;17;3;Public Lighting;22;3;Safety and comfort;Economic Activity & Livelihoods;Culture & Society;-1;1;1.35;0.65;1.82;1.57;0.76;1.17
110;Kada se nečiji pas izgubi, komšiluk dojavljuje gdje ga je vidio kako bi se što prije pronašao;When someone's dog gets lost, the whole neighborhood notifies where they saw it, so it gets found as soon as possible.;youth;life together;;1;5;6;6.12;10.7;;6;12;Neighbor Relations;10;7;Animals;Culture & Society;Rights & Dignity;-1;1;1.16;0.00;0.91;1.96;1.00;0.85
111;Nemamo nikakvih problema sa prijateljima sa druge strane.;We don't have any issues with friends from the other side of the city.;youth;life together;3;;3;6;6.2;6.9;;6;2;Personal Relationships;6;9;Ethno-religious identity;Culture & Society;Culture & Society;3;3;1.16;1.96;0.00;1.18;1.00;1.00
112;Ljudi nisu navikli na loše uslove života. (loša infrastruktura);People aren't used to poor living conditions. (bad infrastructure);youth;life together;5;1;;6;17;;;17;0;Infrastructure;0;0;0;Economic Activity & Livelihoods;0.00;4;1;1.16;3.26;0.91;0.00;0.65;0.00
113;Svi stanari u Zaliku plaćaju za čišćenje zgrade.;All tenants in Zalik pay for the buildings to get cleaned;men;life together;3;3;;6;3.9;6.12;;3;9;Public Ownership;6;12;Neighbor Relations;Culture & Society;Culture & Society;0;3;1.16;1.96;2.73;0.00;0.72;1.00
114;Kad odeš na kafu sa drugaricama, nisu svi oko tebe na telefonima, nego su razgovaraju.;When you go for coffee with your friends, people around you aren't on their phones, but are talking to each other.;women;life together;2;2;2;6;11.1;6.5;;11;10;Cafes and Space;6;5;Technology;Culture & Society;Culture & Society;0;2;1.16;1.31;1.82;0.78;0.91;1.00
115;Nije se sve ugasilo u Zaliku, jer se zatvorio kafić Špago.;"Not everything ""turned off"" in Zalik because the cafe Špago closed.";men;life together;2;3;1;6;11.1;;;11;10;Cafes and Space;0;0;0;Culture & Society;0.00;-1;1;1.16;1.31;2.73;0.39;0.91;0.00
116;Postoji neka novčana pomoć kroz donacije da se napravi centar za mlade u Zaliku.;There exists some financial help through donations to assist in building a youth center in Zalik.;men;life together;3;2;1;6;9.8;15.2;;9;8;Access to public funds;15;2;Infrastructure;Rights & Dignity;Culture & Society;1;1;1.16;1.96;1.82;0.39;0.92;1.02
117;Bolnica Južni logor ima odlične stručnjake.;"Cantonal Hospital ""Dr. Safet Mujić"" has amazing experts.";men;life together;2;1;3;6;10.8;;;10;8;Medical;0;0;0;Rights & Dignity;0.00;1;1;1.16;1.31;0.91;1.18;0.85;0.00
118;Čovjeku na izborima nije dozvoljeno da krade glasove posmatračima ispred očiju.;A person is not allowed to steal votes during elections in front of the observer's eyes.;men;life together;;;6;6;9.3;4.2;;9;3;Political functionality;4;2;Corruption;Rights & Dignity;Rights & Dignity;0;6;1.16;0.00;0.00;2.35;0.92;0.95
119;Dječak koji trenira na zapadnoj strani sreće svoje drugare s treninga i na istočnoj strani;A boy who trains on the west side meets his friends who train with him on the east side too.;women;life together;4;2;;6;2.3;15.5;;2;3;Movement;15;5;Inclusion;Security;Culture & Society;2;2;1.16;2.61;1.82;0.00;1.12;1.02
120;Mladi sa istočne strane izlaze u Cube;The young people from the east side go to the club, Golden Cube.;youth;life together;;2;4;6;11.1;2.3;;11;10;Cafes and Space;2;3;Movement;Culture & Society;Security;-2;2;1.16;0.00;1.82;1.57;0.91;1.12
121;U Zaliku, stanovnici zajedno učestvuju u svim akcijama.;In Zalik, citizens participate together in all actions/activities.;youth;life together;4;;2;6;6.4;3.9;;6;4;Activism;3;9;Public Ownership;Culture & Society;Culture & Society;4;2;1.16;2.61;0.00;0.78;1.00;0.72
122;Djeca se ne boje kretati po Zaliku kad je mrak, jer ima rasvjete.;Kids aren't afraid to walk in Zalik during the night because there are street lights.;women;life together;1;;5;6;17.3;3.3;;17;3;Public Lighting;3;3;Comfort;Economic Activity & Livelihoods;Culture & Society;1;1;1.16;0.65;0.00;1.96;0.65;0.72
141;U Zaliku nema sukoba među ljudima koji tu žive;In Zalik there are no conflicts between the people who live there.;youth;life together;3;1;1;5;4.4;6.3;;4;4;Violent Crime;6;3;Social Trust;Rights & Dignity;Culture & Society;2;1;0.97;1.96;0.91;0.39;0.79;0.83
142;Čovjek iz Zalika ne voli izraze „ova“ i „ona“ strana.;"The man from Zalik doesn't like the phrases ""this"" and ""that"" side (of the city.)";youth;life together;1;2;2;5;6.8;1.3;;6;8;Language;1;3;Social;Culture & Society;Culture & Society;-1;1;0.97;0.65;1.82;0.78;0.83;0.71
143;Brakovi se ne razvode radi neimaštine.;Marriages do not divorce broken due to poverty.;women;life together;2;3;;5;6.2;20.8;;6;2;Personal Relationships;20;8;Livelihoods;Culture & Society;Economic Activity & Livelihoods;-1;2;0.97;1.31;2.73;0.00;0.83;1.12
144;Komos dolazi da čisti Gornji Zalik.;"Public firm ""Komos"" comes to clean Gornji Zalik (Upper Zalik).";youth;life together;2;2;1;5;10.6;18.1;;10;6;Public utilities;18;10;Waste management services;Rights & Dignity;Rights & Dignity;0;1;0.97;1.31;1.82;0.39;0.71;0.66
145;Oborinske vode s Fortice se ne slijevaju u Donji Zalik, jer na magistrali ima odvod.;Rainwater from Fortica does not flow into Donji Zalik, because there is a drain on the highway.;men;life together;1;4;;5;17.1;10.6;;17;10;Roads;10;6;Public utilities;Economic Activity & Livelihoods;Rights & Dignity;-3;1;0.97;0.65;3.64;0.00;0.54;0.71
146;U Starom gradu redovno se odvozi smeće koje turisti ostavljaju ljeti, kako trgovci ne bi morali od smrada zatvarati prozore kad je vani 40 stepeni.;In the Old Town, garbage that tourists leave in the summer is regularly removed, so that workers would not have to close their windows because of the stench when it is 40 degrees celsius outside.;women;life together;2;;3;5;20.9;10.6;;20;9;Tourism;10;6;Public utilities;Economic Activity & Livelihoods;Rights & Dignity;2;2;0.97;1.31;0.00;1.18;1.12;0.71
147;Ljudi ne idu na izbore samo da glasaju, nego da biraju.;People don't go to elections just to vote, but to choose.;men;life together;;;5;5;9.3;;;9;3;Political functionality;0;0;0;Rights & Dignity;0.00;0;5;0.97;0.00;0.00;1.96;0.77;0.00
148;Ima mladih ljudi u Mostaru koji žele biti keramičari, a ne doktori.;There are young people in Mostar who want to be tile installers, not doctors.;women;life together;;;5;5;15.4;19;;15;4;Livelihoods;19;0;Education;Culture & Society;Rights & Dignity;0;5;0.97;0.00;0.00;1.96;0.85;1.08
149;"Svi u Mostaru ""imaju nešto u džepu,"" pa su svi zadovoljni.";"Everyone in Mostar ""has something in their pockets"", so everyone is pleased.";women;life together;2;3;;5;20.8;;;20;8;Livelihoods;0;0;0;Economic Activity & Livelihoods;0.00;-1;2;0.97;1.31;2.73;0.00;1.12;0.00
150;Ljudi koji žive u soliteru ne dovode djecu autom u školu.;People who live in the Zalik's highrise don't drive their kids to school.;youth;life together;1;;4;5;15.6;2.3;;15;6;Parenting;2;3;Movement;Culture & Society;Security;1;1;0.97;0.65;0.00;1.57;0.85;0.93
151;Vjeronauka u školi radi na moralnom razvoju ličnosti.;Religious education at school works on the moral development of the personality.;men;life together;4;;1;5;14.1;19;;14;10;Religious education;19;0;Education;Culture & Society;Rights & Dignity;4;1;0.97;2.61;0.00;0.39;1.67;1.08
152;Čovjek, koji je bio u  Armiji BiH je išao i u istočnu i u zapadnu Hercegovnu, i nikad nije imao problema.;A man, who was in the Army of the Republic of Bosnia and Herzegovina, went to both east and west Herzegovina and never had any problems.;women;life together;3;2;;5;2.3;7;;2;3;Movement;7;0;Legacies of War;Security;Dealing with the Past;1;2;0.97;1.96;1.82;0.00;0.93;1.00
153;Mladi sa istočne strane izlaze u Black;Young people from the east side go to Cocktail and Lounge Bar Black Pearl.;youth;life together;;2;3;5;11.1;2.3;;11;10;Cafes and Space;2;3;Movement;Culture & Society;Security;-2;2;0.97;0.00;1.82;1.18;0.76;0.93
154;Ljudi, čija egzistencija nije ugrožena, nisu opterećeni nacionalnim problemima.;People, whose existence is not endangered, are not burdened with problems regarding different nationalities.;women;life together;2;1;2;5;20.8;8;;20;8;Livelihoods;8;0;Nationalism;Economic Activity & Livelihoods;Culture & Society;1;1;0.97;1.31;0.91;0.78;1.12;0.58
176;Mladi momak iznese komšiji drva.;The young man brought wood to the neighbor.;youth;life together;;1;3;4;6.6;6.12;;6;6;Inter-generational Relations;6;12;Neighbor Relations;Culture & Society;Culture & Society;-1;1;0.77;0.00;0.91;1.18;0.66;0.66
177;Ljudi u Zaliku se ne svađaju oko parking mjesta;People in Zalik don't argue about parking spots.;youth;life together;2;;2;4;21.1;6.3;;21;10;Parking;6;3;Social Trust;Culture & Society;Culture & Society;2;2;0.77;1.31;0.00;0.78;0.59;0.66
178;Ljudi ne upozoravaju osobe iz drugih mjesta da će ih neko pretući, jer se drugačije zovu.;People don't tell individuals who come from other places that someone will attack them because their they are named differently.;youth;life together;;;4;4;6.1;6.8;;6;10;Us V Them;6;8;Language;Culture & Society;Culture & Society;0;4;0.77;0.00;0.00;1.57;0.66;0.66
179;Majke lako upoznaju druge mame ispred škole u Zaliku.;Mothers easily meet other mothers in front of the school in Zalik.;women;life together;2;1;1;4;22;11.4;;22;0;Gender;11;4;Informal;Culture & Society;Culture & Society;1;1;0.77;1.31;0.91;0.39;0.67;0.61
180;Šef dopušta mladiću koji radi u bolnici na Bijelom brijegu da 5 puta dnevno ide na pauzu kako bi klanjao.;A boss allows his employee, who works at the University Clinical Hospital of Mostar Bijeli Brijeg, to take a break five times a day in order to pray.;youth;life together;2;;2;4;14.3;20.3;;14;3;Religious beliefs and practices;20;3;Workers protection and rights;Culture & Society;Economic Activity & Livelihoods;2;2;0.77;1.31;0.00;0.78;1.33;0.89
181;Ljudi koji žive kod Strelišta se organizuju da traže da im se uvede vodovod.;People who live near Strelište (Shooting range) organize themselves to seek that a water supply system be installed.;men;life together;;3;1;4;6.4;10.6;;6;4;Activism;10;6;Public utilities;Culture & Society;Rights & Dignity;-3;1;0.77;0.00;2.73;0.39;0.66;0.57
182;U Zaliku nije skučen prostor za omladinu, jer imaju puno kafića gdje se mogu družiti.;In Zalik, space for young people is not cramped, because there are many cafes where they can hang out.;men;life together;3;1;;4;11.1;15;;11;10;Cafes and Space;15;0;Youth;Culture & Society;Culture & Society;2;1;0.77;1.96;0.91;0.00;0.61;0.68
183;Trgovci koji rade u Starom gradu ne treba da mole Gradsku upravu da odvoze smeće.;Shops in the Old town don't have to beg the city administration for their trash to be picked up.;women;life together;2;2;;4;18.1;9.1;;18;10;Waste management services;9;10;City politics;Rights & Dignity;Rights & Dignity;0;2;0.77;1.31;1.82;0.00;0.53;0.61
184;Bolnice Bijeli brijeg i Južni logor bolje sarađuju nego bolnice u Sarajevu.;"University Clinical Hospital of Mostar and Cantonal Hospital ""Dr. Safet Mujic"" work together better than hospitals in Sarajevo.";men;life together;;;4;4;10.8;6.1;;10;8;Medical;6;10;Us V Them;Rights & Dignity;Culture & Society;0;4;0.77;0.00;0.00;1.57;0.57;0.66
185;Momci iz Bosne nisu jedini u Mostaru koji bi radili za dnevnicu od 40 KM.;Young men from Bosnia aren't the only ones in Mostar who would work for a daily wage of 40KM.;men;life together;1;;3;4;20.8;15.4;;20;8;Livelihoods;15;4;Livelihoods;Economic Activity & Livelihoods;Culture & Society;1;1;0.77;0.65;0.00;1.18;0.89;0.68
186;Prošle godine u novembru, nije se morao otkazati fudbalski turnir srednjoškolaca, jer hrvatski dječaci nisu napali bošnjačke dječake na Kanterevcu.;Last November, the football tournament of high schoolers did not have to be cancelled, because Croatian boys didn't attack Bosniak boys at Kantarevac.;women;life together;2;;2;4;4.1;12.3;;4;10;Sport & Hooliganism;12;3;Activities;Rights & Dignity;Culture & Society;2;2;0.77;1.31;0.00;0.78;0.63;0.40
187;Roditelji imaju vremena da pričaju sa svojom djecom.;Parents have enough time to speak with their kids;men;life together;2;1;1;4;15.6;;;15;6;Parenting;0;0;0;Culture & Society;0.00;1;1;0.77;1.31;0.91;0.39;0.68;0.00
188;Ljudi iz Zalika idu i na „ovu“ i na „onu“ stranu i nikad nisu imali problema.;People from Zalik go to this (east) and that (west) side of Mostar and they've never had problems.;women;life together;;;4;4;2.3;1.3;;2;3;Movement;1;3;Social;Security;Culture & Society;0;4;0.77;0.00;0.00;1.57;0.75;0.56
189;Kulturni centar Kralj Fahd ima kurseve, na koje idu svi građani Mostara.;The Cultural Center Kralj Fahd (King Fahd) has classes which all Mostar citizens attend.;youth;life together;;;4;4;19.2;6.9;;19;2;Non school based education;6;9;Ethno-religious identity;Rights & Dignity;Culture & Society;0;4;0.77;0.00;0.00;1.57;0.86;0.66
190;Momak ne ide u Njemačku, jer u Mostaru ima osiguranu egzistenciju.;The guy is not going to Germany, because he has a secure existence in Mostar.;youth;life together;1;;3;4;20.8;;;20;8;Livelihoods;0;0;0;Economic Activity & Livelihoods;0.00;1;1;0.77;0.65;0.00;1.18;0.89;0.00
191;Roditelji u Mostaru ne sprječavaju svoju djecu da se bave zanimanjima, kao što su vodoinstalater ili keramičar.;Parents in Mostar do not prevent their children from pursuing occupations, such as plumbing or ceramics.;women;life together;3;;1;4;15.4;15.6;;15;4;Livelihoods;15;6;Parenting;Culture & Society;Culture & Society;3;1;0.77;1.96;0.00;0.39;0.68;0.68
192;Kad stranci dođu u Mostaru, ne kažu da je Mostar prljav.;When foreigners come to Mostar, they don't say that Mostar is dirty.;women;life together;1;1;2;4;20.9;18;;20;9;Tourism;18;0;Environment;Economic Activity & Livelihoods;Rights & Dignity;0;1;0.77;0.65;0.91;0.78;0.89;0.53
217;Većina ljudi koji žive u Zaliku međusobno se poznaju;Most people who live in Zalik know each other.;youth;life together;1;1;1;3;6;;;6;0;Social Relations;0;0;0;Culture & Society;0.00;0;1;0.58;0.65;0.91;0.39;0.50;0.00
218;Ljudi poznaju ljude iz druge strane grada.;People know people from the other side of the city.;youth;life together;;;3;3;6;1.3;;6;0;Social Relations;1;3;Social;Culture & Society;Culture & Society;0;3;0.58;0.00;0.00;1.18;0.50;0.42
219;Postoje organizovana veća druženja u Zaliku, a ne samo pri otvaranju pasarele prije 4 godine;There are organized larger gatherings in Zalik, not just at the opening of the Pasarela (footbridge in Zalik) four years ago.;youth;life together;3;;;3;11.2;9.1;;11;2;Social;9;10;City politics;Culture & Society;Rights & Dignity;3;3;0.58;1.96;0.00;0.00;0.46;0.46
220;Ljudi ne upozoravaju osobe iz drugih mjesta da je Mostar podijeljen.;People don't warn people from other places that Mostar is divided.;youth;life together;1;;2;3;6.1;1.3;;6;10;Us V Them;1;3;Social;Culture & Society;Culture & Society;1;1;0.58;0.65;0.00;0.78;0.50;0.42
221;Djeca se druže uživo, a ne samo virtuelno.;Children hang out in person, not just virtutally.;men;life together;2;;1;3;6.5;11;;6;5;Technology;11;0;Socializing;Culture & Society;Culture & Society;2;1;0.58;1.31;0.00;0.39;0.50;0.46
222;Roditelji znaju koje sadržaje gledaju njihova djeca dok borave na internetu.;Parents know what content their children watch while online.;men;life together;2;1;;3;15.6;6.5;;15;6;Parenting;6;5;Technology;Culture & Society;Culture & Society;1;1;0.58;1.31;0.91;0.00;0.51;0.50
223;Ljudi koji žive u Gornjem Zaliku čiste svoje naselje.;People who live in Gornji Zalik (Upper Zalik) clean their neighborhood.;men;life together;2;1;;3;18.3;3.9;;18;3;Environmental Restoration;3;9;Public Ownership;Rights & Dignity;Culture & Society;1;1;0.58;1.31;0.91;0.00;0.40;0.36
224;Žena koja radi u bolnici na Bijelom Brijegu slavi i Božić i Bajram sa svojim kolegama.;A woman who works at University Clinical Hospital of Mostar in Bijeli Brijeg celebrates both Christmas and Eid with her coworkers.;women;life together;2;;1;3;20.1;14.2;;20;10;Inclusivity;14;2;Interfaith relations;Economic Activity & Livelihoods;Culture & Society;2;1;0.58;1.31;0.00;0.39;0.67;1.00
225;Čekaonica u ambulanti u Zaliku nije premala, pa se može ostvariti distanca među pacijentima.;The waiting room at the clinic in Zalik isn't too small, so distance can be created between patients.;women;life together;1;2;;3;10.8;;;10;8;Medical;0;0;0;Rights & Dignity;0.00;-1;1;0.58;0.65;1.82;0.00;0.43;0.00
226;Čovjek iz Zalika se liječi na Bijelom brijegu.;A man who lives in Zalik gets treated at the University Clinical Hospital of Mostar in Bijeli Brijeg.;men;life together;;;3;3;10.8;1;;10;8;Medical;1;0;Integration and Acceptance;Rights & Dignity;Culture & Society;0;3;0.58;0.00;0.00;1.18;0.43;0.42
227;Ljudi ne glasaju za „svoje“ kanditate, samo da ne bi „drugi“ dobili glasove.;"People don't vote for their ""own"" candidates just so that the ""other ones"" don't get more votes.";men;life together;2;1;;3;9.3;1;;9;3;Political functionality;1;0;Integration and Acceptance;Rights & Dignity;Culture & Society;1;1;0.58;1.31;0.91;0.00;0.46;0.42
228;Ljudi u Zaliku udijele novac ukoliko vide prosjake na ulici.;People in Zalik give money if they see beggars on the street.;women;life together;;;3;3;6;;;6;0;Social Relations;0;0;0;Culture & Society;0.00;0;3;0.58;0.00;0.00;1.18;0.50;0.00
229;Ljudi u Mostaru su zaposleni, tako da imaju manje vremena za razmišljanje o pravljenjima navijačkih nereda.;People in Mostar are employed, so they have less time to think about creating football fan riots.;women;life together;;;3;3;4.1;20.2;;4;10;Sport & Hooliganism;20;2;Hiring & Employment;Rights & Dignity;Economic Activity & Livelihoods;0;3;0.58;0.00;0.00;1.18;0.47;0.67
230;Ljudi mogu planirati odmor, jer znaju da će imati osigurane plate.;People can plan a vacation because they know they will have secured salaries.;women;life together;;;3;3;11.3;20.8;;11;3;Leisure;20;8;Livelihoods;Culture & Society;Economic Activity & Livelihoods;0;3;0.58;0.00;0.00;1.18;0.46;0.67
231;Nezaposleni ljudi u Mostaru ne misle “bolje džaba ležati, nego džaba raditi.”;"Unemployed people in Mostar don't think : ""It's better to lie around for free, rather than work for nothing.""";women;life together;2;;1;3;10.9;20.8;;10;9;Unemployment;20;8;Livelihoods;Rights & Dignity;Economic Activity & Livelihoods;2;1;0.58;1.31;0.00;0.39;0.43;0.67
232;Kada lijepa radnica želi da se prebaci iz butika u pekaru, ne kažu svi, “Moja Vinka, gdje češ ti tako lijepa raditi u pekari?”;"When a beautiful worker wants to transfer from a boutique to a bakery, not everyone says : ""My Vinka, why would a beautiful girl like you work in a bakery?""";women;life together;;;3;3;20.2;22.1;;20;2;Hiring & Employment;22;10;Gender norms;Economic Activity & Livelihoods;Culture & Society;0;3;0.58;0.00;0.00;1.18;0.67;0.50
233;Roditelji ne očekuju da samo škola odgaja djecu.;Parents don't expect that only school raises their children.;youth;life together;;;3;3;15.6;19;;15;6;Parenting;19;0;Education;Culture & Society;Rights & Dignity;0;3;0.58;0.00;0.00;1.18;0.51;0.65
234;Mladi se ne udaljuju jedni od drugih zbog društvenih mreža.;Young people don't distance themselves from each other because of social media.;men;life together;1;2;;3;6.5;15;;6;5;Technology;15;0;Youth;Culture & Society;Culture & Society;-1;1;0.58;0.65;1.82;0.00;0.50;0.51
235;Dešavanja kao Advent traju cijelu godinu, a ne samo 10-15 dana;"Happenings like the winter market ""Advent"" last for the whole year and not just 10-15 days.";youth;life together;;;3;3;3.7;9.1;;3;7;Activities;9;10;City politics;Culture & Society;Rights & Dignity;0;3;0.58;0.00;0.00;1.18;0.36;0.46
236;Ako se smeće u Gornjm Zaliku kupi u 7 ujutro, ljudi ne iznose svoje smeće noć prije.;If the garbage in Gornji Zalik (Upper Zalik) is picked up at 7 AM, people don't take out their trash the night before.;women;life together;1;2;;3;18.1;3.9;;18;10;Waste management services;3;9;Public Ownership;Rights & Dignity;Culture & Society;-1;1;0.58;0.65;1.82;0.00;0.40;0.36
237;Kad stranci dođu u Mostar, ne kažu da je pun smeća.;When foreigners come to Mostar, they don't say it is full of trash.;women;life together;;1;2;3;20.9;18;;20;9;Tourism;18;0;Environment;Economic Activity & Livelihoods;Rights & Dignity;-1;1;0.58;0.00;0.91;0.78;0.67;0.40
238;Ljude sa zapadne strane nije strah da pređu na istočnu.;People from the west side aren't afraid to cross to the east side.;women;life together;;;3;3;2;6.1;;2;0;Tranquility/Security;6;10;Us V Them;Security;Culture & Society;0;3;0.58;0.00;0.00;1.18;0.56;0.50
274;Komšije ponude pomoć (korištenje kupatila) dok se renovira kupatilo u nečijem stanu;Neighbors offer help (using of the bathroom) during the renovation of a bathroom in someone's apartment.;women;life together;2;;;2;6.12;;;6;12;Neighbor Relations;0;0;0;Culture & Society;0.00;2;2;0.39;1.31;0.00;0.00;0.33;0.00
275;U Zaliku ljudi prihvataju jedni druge;People in Zalik accept each other.;youth;life together;1;;1;2;6.3;;;6;3;Social Trust;0;0;0;Culture & Society;0.00;1;1;0.39;0.65;0.00;0.39;0.33;0.00
276;Komšija pomaže komšiji u bašti;The neighbor helps their neighbor in the garden.;youth;life together;;2;;2;6.12;;;6;12;Neighbor Relations;0;0;0;Culture & Society;0.00;-2;2;0.39;0.00;1.82;0.00;0.33;0.00
277;Djeca se ne počinju poistovjećivati s ekstremnim likovima.;Children are not beginning to identify themselves with extremist characters.;men;life together;;;2;2;8;15;;8;0;Nationalism;15;0;Youth;Culture & Society;Culture & Society;0;2;0.39;0.00;0.00;0.78;0.23;0.34
278;Novi stanari u Zaliku se prilagođavaju starim komšijama.;New tenants in Zalik adjust to the older residents.;men;life together;;1;1;2;3.9;6;;3;9;Public Ownership;6;0;Social Relations;Culture & Society;Culture & Society;-1;1;0.39;0.00;0.91;0.39;0.24;0.33
279;Svako ima svoje društvo, s kojima idu na kafu.;Everyone has their group of friends with whom they go for coffee.;women;life together;;;2;2;11.1;6.2;;11;10;Cafes and Space;6;2;Personal Relationships;Culture & Society;Culture & Society;0;2;0.39;0.00;0.00;0.78;0.30;0.33
280;Mame u Zaliku pozivaju jedna drugu kod sebe, kako bi im se djeca igrala.;Moms in Zalik call each other to come to their place so their kids can play.;women;life together;;;2;2;15.6;11.3;;15;6;Parenting;11;3;Leisure;Culture & Society;Culture & Society;0;2;0.39;0.00;0.00;0.78;0.34;0.30
281;Kolegica druge vjere čestita nam Bajram, mi njoj Božić.;A coworker of a different religion congratulates us at Eid, and we her for Christmas.;women;life together;;;2;2;6.2;14.2;;6;2;Personal Relationships;14;2;Interfaith relations;Culture & Society;Culture & Society;0;2;0.39;0.00;0.00;0.78;0.33;0.67
282;Medicinari koji rade na odjelu anestezije na Bijelom Brijegu slave sve praznike zajedno.;The medical staff who work at the anesthesia department at the University Clinical Hospital of Mostar in Bijeli Brijeg celebrate all holidays together.;women;life together;;;2;2;20.1;6.9;;20;10;Inclusivity;6;9;Ethno-religious identity;Economic Activity & Livelihoods;Culture & Society;0;2;0.39;0.00;0.00;0.78;0.45;0.33
283;Šef dopušta mladiću koji radi u bolnici na Bijelom brijegu da petkom bude slobodan, kako bi išao na džumu.;The boss allows his employee who works at the University Clinical Hospital of Mostar in Bijeli Brijeg to be free on Fridays so that he can go to Friday prayer.;youth;life together;;;2;2;14.3;20.3;;14;3;Religious beliefs and practices;20;3;Workers protection and rights;Culture & Society;Economic Activity & Livelihoods;0;2;0.39;0.00;0.00;0.78;0.67;0.45
284;Žena koja radi u bolnici, nikad nije osjetila da se neki pacijent boji, jer se zove Ante, Jovan ili Alija.;A woman who works at the hospital in Bijeli Brijeg never felt that some patient is afraid because they are called Ante, Jovan, or Alija.;women;life together;;;2;2;10.8;6.9;;10;8;Medical;6;9;Ethno-religious identity;Rights & Dignity;Culture & Society;0;2;0.39;0.00;0.00;0.78;0.28;0.33
285;Čovjek iz Zalika je nazvao selam hodži kad su se sreli na odjelu onkologije na Bijelom brijegu.;A man from Zalik greeted salam to an imam when they ran into each other at the oncology department in (the hospital in) Bijeli Brijeg.;women;life together;;;2;2;14;10.8;;14;0;Religion;10;8;Medical;Culture & Society;Rights & Dignity;0;2;0.39;0.00;0.00;0.78;0.67;0.28
286;U Gornjem Zaliku ima rasvjeta do Strelišta.;In Gornju Zalik, there are street lights all the way until Strelište. ;youth;life together;;;2;2;10.6;17.3;;10;6;Public utilities;17;3;Public Lighting;Rights & Dignity;Economic Activity & Livelihoods;0;2;0.39;0.00;0.00;0.78;0.28;0.22
287;Bivši borci, koji žive na Strelištu, imaju vodu.;Former military fighters, who live at Strelište, have water.;youth;life together;1;1;;2;10.6;17;;10;6;Public utilities;17;0;Infrastructure;Rights & Dignity;Economic Activity & Livelihoods;0;1;0.39;0.65;0.91;0.00;0.28;0.22
288;Put do Strelišta nije loš.;The road to Strelište (Shooting range) isn't bad.;youth;life together;2;;;2;17.1;;;17;10;Roads;0;0;0;Economic Activity & Livelihoods;0.00;2;2;0.39;1.31;0.00;0.00;0.22;0.00
289;U bolnici Južni logor ima dermatolog.;"A the Cantonal Hospital ""Dr. Safet Mujić"" there is a dermatologist.";women;life together;1;1;;2;10.8;;;10;8;Medical;0;0;0;Rights & Dignity;0.00;0;1;0.39;0.65;0.91;0.00;0.28;0.00
290;Političke stranke ne zavađaju ljude.;Political parties don't make people start arguments.;men;life together;;;2;2;9.9;4;;9;9;Political parties;4;0;Criminality and Legal Enforcement;Rights & Dignity;Rights & Dignity;0;2;0.39;0.00;0.00;0.78;0.31;0.32
291;Ljudi ne biraju na izborima stranke koje potiču ljude da prave nerede u gradu.;People do not vote during elections for parties that encourage people to make riots in the city.;men;life together;;;2;2;9.3;4.4;;9;3;Political functionality;4;4;Violent Crime;Rights & Dignity;Rights & Dignity;0;2;0.39;0.00;0.00;0.78;0.31;0.32
292;Djevojka, koja dolazi iz porodice pune para, ne ide na fakultet na silu, jer njena porodica to želi.;A girl, who comes from a rich family, isn't forced to go to university just because her family wants that.;women;life together;;;2;2;15.6;19;;15;6;Parenting;19;0;Education;Culture & Society;Rights & Dignity;0;2;0.39;0.00;0.00;0.78;0.34;0.43
293;U Zalik doseljavaju porodice iz čitave BiH.;Families from the whole Bosnia and Herzegovina come to live in Zalik;women;life together;;2;;2;1;;;1;0;Integration and Acceptance;0;0;0;Culture & Society;0.00;-2;2;0.39;0.00;1.82;0.00;0.28;0.00
294;Advent s bogatim sadržajem okuplja ljude s obje strane grada;Winter market 'Advent' has a big variety of content which gathers people from both sides of the city.;youth;life together;;;2;2;3.7;6.9;;3;7;Activities;6;9;Ethno-religious identity;Culture & Society;Culture & Society;0;2;0.39;0.00;0.00;0.78;0.24;0.33
295; Na Španskom trgu se održavaju koncerti.;On Španski trg (Spanish square) many concerts are held.;women;life together;;;2;2;3.1;3.7;;3;10;Open spaces;3;7;Activities;Culture & Society;Culture & Society;0;2;0.39;0.00;0.00;0.78;0.24;0.24
296;Mladi sa istočne strane jedu kolače u Egoistu;Young people from the east side come to cafe Egoist to eat cake and sweets.;youth;life together;;;2;2;11.1;2.3;;11;10;Cafes and Space;2;3;Movement;Culture & Society;Security;0;2;0.39;0.00;0.00;0.78;0.30;0.37
297;Kulturni centar Kralj Fahd ima kurseve koji su besplatni.;The cultural Center Kralj Fahd (King Fahd) has free classes.;youth;life together;;;2;2;19.2;;;19;2;Non school based education;0;0;0;Rights & Dignity;0.00;0;2;0.39;0.00;0.00;0.78;0.43;0.00
298;Ljudi u Zaliku ne bacaju šut od renoviranje tamo gdje se parkiraju auta.;People in Zalik don't throw garbage left from renovating where they park their cars.;youth;life together;2;;;2;18.2;21.1;;18;2;Waste prevention;21;10;Parking;Rights & Dignity;Culture & Society;2;2;0.39;1.31;0.00;0.00;0.26;0.30
299;Žena koja radi u Starom gradu ne dolazi kući sa jaknom punom papirića, jer u Starom gradu postoji dovoljno kanti.;A woman who works in the Old Town doesn't come home with her pockets filled with papers, as there are enough trash cans in the Old Town.;women;life together;;;2;2;18.1;10.6;;18;10;Waste management services;10;6;Public utilities;Rights & Dignity;Rights & Dignity;0;2;0.39;0.00;0.00;0.78;0.26;0.28
348;Ne postoji strah od određenih tema, kao npr. ratne teme.;There is no fear of certain topics like war, for example.;women;life together;;;1;1;7;1.3;;7;0;Legacies of War;1;3;Social;Dealing with the Past;Culture & Society;0;1;0.19;0.00;0.00;0.39;0.20;0.14
349;U Zaliku su ljudi spremni da pomognu jedni drugima, npr. organizuju humanitarne akcije;In Zalik people are ready to help each other, for example, organizing humanitarian activities.;men;life together;;;1;1;6.10;3.9;;6;10;Us V Them;3;9;Public Ownership;Culture & Society;Culture & Society;0;1;0.19;0.00;0.00;0.39;0.17;0.12
350;Ljudi se ne povlače u sebe i svoja 4 zida (mediji).;People don't hide within themselves and their four walls (media);youth;life together;;;1;1;11.3;13;;11;3;Leisure;13;0;Media;Culture & Society;Culture & Society;;;0.19;0.00;0.00;0.39;0.15;0.00
351;Ljudi imaju doticaja sa ljudima sa druge strane grada;People are in contact with the people from the other side of town.;youth;life together;;;1;1;6.1;11;;6;10;Us V Them;11;0;Socializing;Culture & Society;Culture & Society;;;0.19;0.00;0.00;0.39;0.17;0.15
352;Djeca se ne počinju poistovjećivati s navijačkim likovima;Kids aren't beginning to identify themselves with football fan characters;men;life together;;;1;1;15;8.3;;15;0;Youth;8;3;Sport;Culture & Society;Culture & Society;;;0.19;0.00;0.00;0.39;0.17;0.12
353;Čovjek ne čeka po 3 godine da mu ostali stanari refundiraju troškove za uvođenje interfona.;A man doesn't wait for 3 years for the other tenants to reimburse the cost of intercom installation.;men;life together;;;1;1;6.12;;;6;12;Neighbor Relations;0;0;0;Culture & Society;0.00;;;0.19;0.00;0.00;0.39;0.17;0.00
354;Stanari su o svom trošku platili farbanje fasade.;The tenants paid for the painting of the facade with their own money.;men;life together;;1;;1;6.12;;;6;12;Neighbor Relations;0;0;0;Culture & Society;0.00;;;0.19;0.00;0.91;0.00;0.17;0.00
355;Otpad iz mesnice Voloder se ne baca u kontejner.;Waste from the  butcher's shop Voloder isn't thrown into a trash can.;men;life together;;1;;1;18.3;20.6;;18;3;Environmental Restoration;20;6;Small businesses;Rights & Dignity;Economic Activity & Livelihoods;;;0.19;0.00;0.91;0.00;0.13;0.22
356;U Nsoftu radi omladina iz svih mogućih dijelova grada i oni odlično funkcionišu zajedno.;The youth from all parts of the city work at Nsoft and they work together very well.;women;life together;;;1;1;6.9;20.1;;6;9;Ethno-religious identity;20;10;Inclusivity;Culture & Society;Economic Activity & Livelihoods;;;0.19;0.00;0.00;0.39;0.17;0.22
357;Ljudi iz Zalika ne govore djevojci u oči da je divna, a iza njenih leđa svojoj djeci brane da se druže s njom.;People from Zalik don't tell a girl to her face that she is nice, but behind her back forbid their kids to hang out with her.;women;life together;;;1;1;1.1;22;;1;10;Personal value;22;0;Gender;Culture & Society;Culture & Society;;;0.19;0.00;0.00;0.39;0.14;0.17
358;U Sparku, radi pokrivena djevojka, koja sjedi pored djevojke koje se zove Marija.;At Spark, a girl wearing hijab sits next to a girl called Marija.;women;life together;;;1;1;6.9;20.1;;6;9;Ethno-religious identity;20;10;Inclusivity;Culture & Society;Economic Activity & Livelihoods;;;0.19;0.00;0.00;0.39;0.17;0.22
359;Istočna strana ima sve (npr. prodavnice i kafiće), kao i zapadna strana.;The east side has everything (for example, shops and cafes) that the west side has too.;women;life together;;;1;1;17;20;;17;0;Infrastructure;20;0;Business;Economic Activity & Livelihoods;Economic Activity & Livelihoods;;;0.19;0.00;0.00;0.39;0.11;0.22
360;Od Strelišta prema gore ima rasvjete.;From Strelište (Shooting range) upwards there are street lights.;youth;life together;;;1;1;10.6;17.3;;10;6;Public utilities;17;3;Public Lighting;Rights & Dignity;Economic Activity & Livelihoods;;;0.19;0.00;0.00;0.39;0.14;0.11
361;Rješenja za parking u Mostaru nisu izdata samo na hrvatskom jeziku, tako da ih ljudi iz Bosne razumiju,;Parking rules in Mostar were not only issued in Croatian, so that people from Bosnia can understand them,;men;life together;;;1;1;6.8;9.1;;6;8;Language;9;10;City politics;Culture & Society;Rights & Dignity;;;0.19;0.00;0.00;0.39;0.17;0.15
362;Postoji centar za mlade u Mostaru, gdje oni mogu razvijati svoje vještine.;There is a youth center in Mostar, where the young people can develop their skills.;men;life together;;;1;1;19.2;15.1;;19;2;Non school based education;15;10;Engagement;Rights & Dignity;Culture & Society;;;0.19;0.00;0.00;0.39;0.22;0.17
363;U Starom gradu pored Šemovca kante nisu prepune smeća.;In the Old Town, next to Šemovac, the trash cans aren't overflowing.;women;life together;;;1;1;18.1;3.8;;18;10;Waste management services;3;8;Historic cultural monuments;Rights & Dignity;Culture & Society;;;0.19;0.00;0.00;0.39;0.13;0.12
364;U Zaliku ima trotoar pa mame s kolicima mogu sigurno da se kreću.;In Zalik there are sidewalks, so that mothers with baby carriages can walk safely.;women;life together;;;1;1;17.1;21.3;;17;10;Roads;21;3;Pedestrian Saftey;Economic Activity & Livelihoods;Culture & Society;;;0.19;0.00;0.00;0.39;0.11;0.15
365;Žena hodže iz Zalika se liječi na Bijelom brijegu.;A hodja's wife from Zalik gets treated at the University Clinical Hospital of Mostar;men;life together;;;1;1;10.8;6.9;;10;8;Medical;6;9;Ethno-religious identity;Rights & Dignity;Culture & Society;;;0.19;0.00;0.00;0.39;0.14;0.17
366;Žene, koje rade u Starom gradu, ne moraju doći ranije na posao tako da bi očistile smeće s kaldrme.;Women who work in the Old town don't have to come early to work to clean the trash from the cobblestones (in front of the shops). ;men;life together;;;1;1;18.1;3.8;;18;10;Waste management services;3;8;Historic cultural monuments;Rights & Dignity;Culture & Society;;;0.19;0.00;0.00;0.39;0.13;0.12
367;Dijete koje nema babu na položaju može dobiti posao kad stekne diplomu.;A kid who doesn't have a father with connections can get a job after receiving a diploma.;women;life together;;;1;1;4.2;20.2;;4;2;Corruption;20;2;Hiring & Employment;Rights & Dignity;Economic Activity & Livelihoods;;;0.19;0.00;0.00;0.39;0.16;0.22
368;Dobar keramičar radi i u Srbina, i u Hrvata i u Bošnjaka.;A good tile installer works for a Serb, Croat and Bosniak.;women;life together;;;1;1;20.1;6.9;;20;10;Inclusivity;6;9;Ethno-religious identity;Economic Activity & Livelihoods;Culture & Society;;;0.19;0.00;0.00;0.39;0.22;0.17
369;Mladi ne studiraju zanimanja za koja nema zaposlenja u Mostaru.;Young people don't get degrees in professions in which there are no available working spaces.;women;life together;;;1;1;19;20.5;;19;0;Education;20;5;Youth employment;Rights & Dignity;Economic Activity & Livelihoods;;;0.19;0.00;0.00;0.39;0.22;0.22
370;Lokalni momci rade posao za dnevnicu od 40 KM, jer ih nije stid da li će ih neko vidjeti.;Local men work jobs for a daily wage of 40KM because they aren't ashamed someone will see them doing that job.;youth;life together;;;1;1;20.8;22.1;;20;8;Livelihoods;22;10;Gender norms;Economic Activity & Livelihoods;Culture & Society;;;0.19;0.00;0.00;0.39;0.22;0.17
371;Hrvat koji je dobio posao grafičkog dizajnera, se zahvalio uposlenicima KC Kralj Fahd s ogromnom platom kolača.;A Croat who got a job as a graphic designer thanked the employees of the Cultural Center Kralj Fahd (King Fahd) with a big platter of cakes.;women;life together;1;;;1;20.8;1.1;;20;8;Livelihoods;1;10;Personal value;Economic Activity & Livelihoods;Culture & Society;;;0.19;0.65;0.00;0.00;0.22;0.14
372;Prošle godine u novembru, maskirani hrvatski dječaci nisu napali bošnjačke dječake koji su učestvovali u turniru.;Last November, masked Croatian boys didn't attack Bosniak boys who were participating in the tournament.;youth;life together;;;1;1;4.1;12.3;;4;10;Sport & Hooliganism;12;3;Activities;Rights & Dignity;Culture & Society;;;0.19;0.00;0.00;0.39;0.16;0.10
373;Kolegice s fakulteta na zapadnoj strani, nakon što nas upoznaju, prelaze s nama na istočnu stranu;Students from the university on the west side, after meeting us, cross with us to the east side.;youth;life together;1;;;1;2.3;15.5;;2;3;Movement;15;5;Inclusion;Security;Culture & Society;;;0.19;0.65;0.00;0.00;0.19;0.17
374;Roditelju utiču da djeca što više vremena provode vani.;Parents try to influence their kids to spend their time outside as much as possible.;youth;life together;1;;;1;15.6;15.3;;15;6;Parenting;15;3;Health;Culture & Society;Culture & Society;;;0.19;0.65;0.00;0.00;0.17;0.17
375;Roditelji ne dovode djecu u školu sa zakašnjenjem.;Parents don't bring their children late to school.;women;life together;1;;;1;15.6;19;;15;6;Parenting;19;0;Education;Culture & Society;Rights & Dignity;;;0.19;0.65;0.00;0.00;0.17;0.22
376;Kada ljudi izađu na kafu, ne budu svo vrijeme na mobitelima.;When people go to a cafe, they don't spend all of their time on their phones.;men;life together;;;1;1;11.1;6.5;;11;10;Cafes and Space;6;5;Technology;Culture & Society;Culture & Society;;;0.19;0.00;0.00;0.39;0.15;0.17
377;Ljudi redovno koriste pasarelu da pređu ulicu;People regularly use the Pasarela (footbridge in Zalik) to cross the road.;men;life together;;;1;1;17.1;21.3;;17;10;Roads;21;3;Pedestrian Saftey;Economic Activity & Livelihoods;Culture & Society;;;0.19;0.00;0.00;0.39;0.11;0.15
378;Kad god neko pita ženu iz Zalika “kakva je situacija u Mostaru?” ona odgovara “Nikad ljepša.”;"When someone asks a woman from Zalik: ""How's the situation in Mostar?"", she replies with: ""Never better.""";youth;life together;;;1;1;9;6.3;;9;0;Governance;6;3;Social Trust;Rights & Dignity;Culture & Society;;;0.19;0.00;0.00;0.39;0.15;0.17
379;Ljudi ne pitaju šta je interes žene koja pokušava okupiti ljude da čiste njihovu ulicu.;People don't ask a woman, who tries to gather people to clean their street, what she gains by doing that.;women;life together;;;1;1;6.4;18.3;;6;4;Activism;18;3;Environmental Restoration;Culture & Society;Rights & Dignity;;;0.19;0.00;0.00;0.39;0.17;0.13
380;Žena želi očistiti svoju ulicu, jer želi da joj tu bude lijepo.;A woman wants to clean her streets because she wants it to look nice.;women;life together;;;1;1;18.3;22;;18;3;Environmental Restoration;22;0;Gender;Rights & Dignity;Culture & Society;;;0.19;0.00;0.00;0.39;0.13;0.17
381;Žena nema psihičkih problema zbog egizistencijalne ugroženosti.;Women don't have mental issues because they don't feel like their lives are endangered.;women;life together;;;1;1;22.3;20.8;;22;3;Safety and comfort;20;8;Livelihoods;Culture & Society;Economic Activity & Livelihoods;;;0.19;0.00;0.00;0.39;0.17;0.22
382;Udruženje mladih iz Zalika pokreće akcije čišćenja.;The Youth Association of Zalik starts clean up events.;women;life together;;;1;1;18.3;9.7;;18;3;Environmental Restoration;9;7;Citizens' associations;Rights & Dignity;Rights & Dignity;;;0.19;0.00;0.00;0.39;0.13;0.15